Timestamp,Study Essential,Study Support,Non-Study Clutter,Distractor,Brightness,Glare (%),Score,Status
2026-02-27 17:11:21,0,0,0,0,112.48,0.00,70,Moderate
2026-02-27 17:11:22,0,0,0,0,111.97,0.00,70,Moderate
2026-02-27 17:11:22,0,0,0,0,111.95,0.00,70,Moderate
2026-02-27 17:11:23,0,0,0,0,112.11,0.00,70,Moderate
2026-02-27 17:11:23,0,0,0,0,112.24,0.00,70,Moderate
2026-02-27 17:11:24,0,0,0,0,112.30,0.00,70,Moderate
2026-02-27 17:11:24,0,0,0,0,112.45,0.00,70,Moderate
2026-02-27 17:11:25,0,0,0,0,113.09,0.00,70,Moderate
2026-02-27 17:11:25,0,0,0,0,112.93,0.00,70,Moderate
2026-02-27 17:11:26,0,0,0,0,112.77,0.00,70,Moderate
2026-02-27 17:11:26,0,0,0,0,112.72,0.00,70,Moderate
2026-02-27 17:11:26,0,0,0,0,113.05,0.00,70,Moderate
2026-02-27 17:11:26,0,0,0,0,112.54,0.00,70,Moderate
2026-02-27 17:11:26,0,0,0,0,112.57,0.00,70,Moderate
2026-02-27 17:11:26,0,0,0,0,112.61,0.00,70,Moderate
2026-02-27 17:11:26,0,0,0,0,112.61,0.00,70,Moderate
2026-02-27 17:11:27,0,0,0,0,112.65,0.00,70,Moderate
2026-02-27 17:11:27,0,0,0,0,112.71,0.00,70,Moderate
2026-02-27 17:11:27,0,0,0,0,112.67,0.00,70,Moderate
2026-02-27 17:11:27,0,0,0,0,109.95,0.00,70,Moderate
2026-02-27 17:11:27,0,0,0,0,110.06,0.00,70,Moderate
2026-02-27 17:11:27,0,0,0,0,111.44,0.00,70,Moderate
2026-02-27 17:11:27,0,0,0,0,112.24,0.00,70,Moderate
2026-02-27 17:11:28,0,0,0,0,111.80,0.00,70,Moderate
2026-02-27 17:11:28,0,0,0,0,94.76,0.00,70,Moderate
2026-02-27 17:11:28,0,0,0,0,41.23,0.00,60,Moderate
2026-02-27 17:11:28,0,0,0,0,110.43,0.00,70,Moderate
2026-02-27 17:11:28,0,0,0,0,150.41,0.00,70,Moderate
2026-02-27 17:11:28,0,0,0,0,133.31,0.28,70,Moderate
2026-02-27 17:11:29,0,0,0,0,124.30,4.69,70,Moderate
2026-02-27 17:11:29,0,0,0,0,92.72,0.95,70,Moderate
2026-02-27 17:11:29,0,0,0,0,82.11,0.00,70,Moderate
2026-02-27 17:11:29,0,0,0,0,75.67,0.00,60,Moderate
2026-02-27 17:11:29,0,0,0,0,84.83,0.00,70,Moderate
2026-02-27 17:11:29,0,0,0,0,92.46,0.00,70,Moderate
2026-02-27 17:11:29,0,0,0,0,91.90,0.00,70,Moderate
2026-02-27 17:11:30,0,0,0,0,150.09,32.08,60,Moderate
2026-02-27 17:11:30,0,0,0,0,151.94,31.51,60,Moderate
2026-02-27 17:11:30,0,0,0,0,142.06,15.25,60,Moderate
2026-02-27 17:11:30,0,0,0,0,152.08,1.96,70,Moderate
2026-02-27 17:11:30,0,0,0,0,165.52,0.00,70,Moderate
2026-02-27 17:11:30,0,0,0,0,155.08,0.00,70,Moderate
2026-02-27 17:11:30,0,0,0,0,138.31,0.00,70,Moderate
2026-02-27 17:11:31,0,0,0,0,69.24,0.00,60,Moderate
2026-02-27 17:11:31,0,0,0,0,25.51,0.00,60,Moderate
2026-02-27 17:11:31,0,0,0,0,63.39,0.00,60,Moderate
2026-02-27 17:11:31,0,0,0,0,211.46,28.98,60,Moderate
2026-02-27 17:11:31,0,0,0,0,249.19,88.85,60,Moderate
2026-02-27 17:11:31,0,0,0,0,234.07,52.90,60,Moderate
2026-02-27 17:11:31,0,0,0,0,199.22,39.80,60,Moderate
2026-02-27 17:11:32,0,0,0,0,181.93,37.03,60,Moderate
2026-02-27 17:11:32,0,0,0,0,169.37,5.88,60,Moderate
2026-02-27 17:11:32,0,0,0,0,159.59,1.36,70,Moderate
2026-02-27 17:11:32,0,0,0,0,150.73,0.00,70,Moderate
2026-02-27 17:11:32,0,0,0,0,144.33,0.10,70,Moderate
2026-02-27 17:11:32,0,0,0,0,148.62,0.35,70,Moderate
2026-02-27 17:11:33,0,0,0,0,147.52,0.34,70,Moderate
2026-02-27 17:11:33,0,0,0,0,134.25,9.19,60,Moderate
2026-02-27 17:11:33,0,0,0,0,138.85,0.29,70,Moderate
2026-02-27 17:11:33,0,0,0,0,134.34,0.26,70,Moderate
2026-02-27 17:11:33,0,0,0,0,135.43,0.26,70,Moderate
2026-02-27 17:11:33,0,0,0,0,137.95,0.26,70,Moderate
2026-02-27 17:11:33,0,0,0,0,136.87,0.24,70,Moderate
2026-02-27 17:11:34,0,0,0,0,134.45,0.20,70,Moderate
2026-02-27 17:11:34,0,0,1,0,133.79,0.20,55,Moderate
2026-02-27 17:11:34,0,0,1,0,133.26,0.22,55,Moderate
2026-02-27 17:11:34,0,0,1,0,132.60,0.25,55,Moderate
2026-02-27 17:11:34,0,0,1,0,132.03,0.29,55,Moderate
2026-02-27 17:11:34,0,0,1,0,132.05,0.29,55,Moderate
2026-02-27 17:11:34,0,0,1,0,132.23,0.28,55,Moderate
2026-02-27 17:11:35,0,0,1,0,132.50,0.28,55,Moderate
2026-02-27 17:11:35,0,0,1,0,132.49,0.28,55,Moderate
2026-02-27 17:11:35,0,0,1,0,132.47,0.28,55,Moderate
2026-02-27 17:11:35,0,0,1,0,132.47,0.28,55,Moderate
2026-02-27 17:11:35,0,0,1,0,132.47,0.29,55,Moderate
2026-02-27 17:11:35,0,0,1,0,132.37,0.29,55,Moderate
2026-02-27 17:11:35,0,0,1,0,132.39,0.29,55,Moderate
2026-02-27 17:11:36,0,0,1,0,132.41,0.29,55,Moderate
2026-02-27 17:11:36,0,0,1,0,132.43,0.29,55,Moderate
2026-02-27 17:11:36,0,0,1,0,132.43,0.29,55,Moderate
2026-02-27 17:11:36,0,0,1,0,132.47,0.29,55,Moderate
2026-02-27 17:11:36,0,0,1,0,132.67,0.29,55,Moderate
2026-02-27 17:11:36,0,0,1,0,132.65,0.29,55,Moderate
2026-02-27 17:11:37,0,0,1,0,132.71,0.30,55,Moderate
2026-02-27 17:11:37,0,0,1,0,132.72,0.30,55,Moderate
2026-02-27 17:11:37,0,0,1,0,132.76,0.30,55,Moderate
2026-02-27 17:11:37,0,0,1,0,132.77,0.30,55,Moderate
2026-02-27 17:11:37,0,0,1,0,132.65,0.30,55,Moderate
2026-02-27 17:11:37,0,0,1,0,132.66,0.30,55,Moderate
2026-02-27 17:11:37,0,0,1,0,132.69,0.30,55,Moderate
2026-02-27 17:11:38,0,0,1,0,132.71,0.30,55,Moderate
2026-02-27 17:11:38,0,0,1,0,132.70,0.30,55,Moderate
2026-02-27 17:11:38,0,0,1,0,132.90,0.31,55,Moderate
2026-02-27 17:11:38,0,0,1,0,132.90,0.30,55,Moderate
2026-02-27 17:11:38,0,0,1,0,132.92,0.31,55,Moderate
2026-02-27 17:11:38,0,0,1,0,132.95,0.31,55,Moderate
2026-02-27 17:11:38,0,0,1,0,132.96,0.31,55,Moderate
2026-02-27 17:11:39,0,0,1,0,132.90,0.31,55,Moderate
2026-02-27 17:11:39,0,0,1,0,132.92,0.31,55,Moderate
2026-02-27 17:11:39,0,0,1,0,132.97,0.31,55,Moderate
2026-02-27 17:11:39,0,0,1,0,133.01,0.31,55,Moderate
2026-02-27 17:11:39,0,0,1,0,132.91,0.31,55,Moderate
2026-02-27 17:11:39,0,0,1,0,132.92,0.31,55,Moderate
2026-02-27 17:11:39,0,0,1,0,132.95,0.31,55,Moderate
2026-02-27 17:11:40,0,0,1,0,132.93,0.32,55,Moderate
2026-02-27 17:11:40,0,0,1,0,133.03,0.32,55,Moderate
2026-02-27 17:11:40,0,0,1,0,132.97,0.32,55,Moderate
2026-02-27 17:11:40,0,0,1,0,132.95,0.31,55,Moderate
2026-02-27 17:11:40,0,0,1,0,133.06,0.32,55,Moderate
2026-02-27 17:11:40,0,0,1,0,133.08,0.32,55,Moderate
2026-02-27 17:11:40,0,0,1,0,133.20,0.32,55,Moderate
2026-02-27 17:11:41,0,0,1,0,133.21,0.32,55,Moderate
2026-02-27 17:11:41,0,0,1,0,133.22,0.32,55,Moderate
2026-02-27 17:11:41,0,0,1,0,133.25,0.32,55,Moderate
2026-02-27 17:11:41,0,0,1,0,133.26,0.32,55,Moderate
2026-02-27 17:11:41,0,0,1,0,133.19,0.32,55,Moderate
2026-02-27 17:11:41,0,0,1,0,133.22,0.32,55,Moderate
2026-02-27 17:11:42,0,0,1,0,133.24,0.33,55,Moderate
2026-02-27 17:11:42,0,0,1,0,133.22,0.32,55,Moderate
2026-02-27 17:11:42,0,0,1,0,133.26,0.33,55,Moderate
2026-02-27 17:11:42,0,0,1,0,133.27,0.33,55,Moderate
2026-02-27 17:11:42,0,0,1,0,133.38,0.33,55,Moderate
2026-02-27 17:11:42,0,0,1,0,133.38,0.33,55,Moderate
2026-02-27 17:11:42,0,0,1,0,133.40,0.33,55,Moderate
2026-02-27 17:11:43,0,0,1,0,133.41,0.33,55,Moderate
2026-02-27 17:11:43,0,0,1,0,133.35,0.33,55,Moderate
2026-02-27 17:11:43,0,0,1,0,133.36,0.33,55,Moderate
2026-02-27 17:11:43,0,0,1,0,133.39,0.33,55,Moderate
2026-02-27 17:11:43,0,0,1,0,133.41,0.33,55,Moderate
2026-02-27 17:11:43,0,0,1,0,133.42,0.33,55,Moderate
2026-02-27 17:11:44,0,0,1,0,133.43,0.33,55,Moderate
2026-02-27 17:11:44,0,0,1,0,133.59,0.34,55,Moderate
2026-02-27 17:11:44,0,0,1,0,133.56,0.34,55,Moderate
2026-02-27 17:11:44,0,0,1,0,133.59,0.34,55,Moderate
2026-02-27 17:11:44,0,0,1,0,133.59,0.34,55,Moderate
2026-02-27 17:11:44,0,0,1,0,133.63,0.34,55,Moderate
2026-02-27 17:11:44,0,0,1,0,133.63,0.34,55,Moderate
2026-02-27 17:11:45,0,0,1,0,133.64,0.34,55,Moderate
2026-02-27 17:11:45,0,0,1,0,133.58,0.34,55,Moderate
2026-02-27 17:11:45,0,0,1,0,133.60,0.34,55,Moderate
2026-02-27 17:11:45,0,0,1,0,133.62,0.34,55,Moderate
2026-02-27 17:11:45,0,0,1,0,133.63,0.34,55,Moderate
2026-02-27 17:11:45,0,0,1,0,133.67,0.34,55,Moderate
2026-02-27 17:11:45,0,0,1,0,133.69,0.34,55,Moderate
2026-02-27 17:11:46,0,0,1,0,133.71,0.34,55,Moderate
2026-02-27 17:11:46,0,0,1,0,133.71,0.34,55,Moderate
2026-02-27 17:11:46,0,0,1,0,133.87,0.34,55,Moderate
2026-02-27 17:11:46,0,0,1,0,133.86,0.34,55,Moderate
2026-02-27 17:11:46,0,0,1,0,133.87,0.34,55,Moderate
2026-02-27 17:11:46,0,0,1,0,133.88,0.34,55,Moderate
2026-02-27 17:11:46,0,0,1,0,133.89,0.35,55,Moderate
2026-02-27 17:11:47,0,0,1,0,133.92,0.35,55,Moderate
2026-02-27 17:11:47,0,0,1,0,133.90,0.34,55,Moderate
2026-02-27 17:11:47,0,0,1,0,133.94,0.34,55,Moderate
2026-02-27 17:11:47,0,0,1,0,133.94,0.35,55,Moderate
2026-02-27 17:11:47,0,0,1,0,133.95,0.34,55,Moderate
2026-02-27 17:11:47,0,0,1,0,133.97,0.34,55,Moderate
2026-02-27 17:11:48,0,0,1,0,133.99,0.34,55,Moderate
2026-02-27 17:11:48,0,0,1,0,134.00,0.34,55,Moderate
2026-02-27 17:11:48,0,0,1,0,134.10,0.35,55,Moderate
2026-02-27 17:11:48,0,0,1,0,134.11,0.35,55,Moderate
2026-02-27 17:11:48,0,0,1,0,134.10,0.35,55,Moderate
2026-02-27 17:11:48,0,0,1,0,134.09,0.35,55,Moderate
2026-02-27 17:11:48,0,0,1,0,134.11,0.35,55,Moderate
2026-02-27 17:11:49,0,0,2,0,134.13,0.35,40,Poor
2026-02-27 17:11:49,0,0,2,0,134.15,0.35,40,Poor
2026-02-27 17:11:49,0,0,2,0,134.09,0.35,40,Poor
2026-02-27 17:11:49,0,0,1,0,134.11,0.35,55,Moderate
2026-02-27 17:11:49,0,0,1,0,134.10,0.35,55,Moderate
2026-02-27 17:11:49,0,0,1,0,134.11,0.35,55,Moderate
2026-02-27 17:11:49,0,0,1,0,134.11,0.35,55,Moderate
2026-02-27 17:11:50,0,0,1,0,134.13,0.35,55,Moderate
2026-02-27 17:11:50,0,0,1,0,134.26,0.35,55,Moderate
2026-02-27 17:11:50,0,0,1,0,134.28,0.35,55,Moderate
2026-02-27 17:11:50,0,0,1,0,134.30,0.35,55,Moderate
2026-02-27 17:11:50,0,0,1,0,134.33,0.35,55,Moderate
2026-02-27 17:11:50,0,0,1,0,134.32,0.36,55,Moderate
2026-02-27 17:11:51,0,0,1,0,134.27,0.35,55,Moderate
2026-02-27 17:11:51,0,0,1,0,134.29,0.35,55,Moderate
2026-02-27 17:11:51,0,0,1,0,134.29,0.35,55,Moderate
2026-02-27 17:11:51,0,0,1,0,134.31,0.35,55,Moderate
2026-02-27 17:11:51,0,0,1,0,134.34,0.35,55,Moderate
2026-02-27 17:11:51,0,0,1,0,134.36,0.35,55,Moderate
2026-02-27 17:11:51,0,0,1,0,134.45,0.36,55,Moderate
2026-02-27 17:11:52,0,0,1,0,134.48,0.35,55,Moderate
2026-02-27 17:11:52,0,0,1,0,134.52,0.36,55,Moderate
2026-02-27 17:11:52,0,0,1,0,134.53,0.35,55,Moderate
2026-02-27 17:11:52,0,0,1,0,134.56,0.35,55,Moderate
2026-02-27 17:11:52,0,0,1,0,134.57,0.36,55,Moderate
2026-02-27 17:11:52,0,0,0,0,134.61,0.35,70,Moderate
2026-02-27 17:11:52,0,0,1,0,133.45,0.33,55,Moderate
2026-02-27 17:11:53,0,0,1,0,132.84,0.33,55,Moderate
2026-02-27 17:11:53,0,0,1,0,132.78,0.32,55,Moderate
2026-02-27 17:11:53,0,0,0,0,132.79,0.32,70,Moderate
2026-02-27 17:11:53,0,0,0,0,133.15,0.28,70,Moderate
2026-02-27 17:11:53,0,0,1,0,133.00,0.32,55,Moderate
2026-02-27 17:11:53,0,0,0,0,132.86,0.34,70,Moderate
2026-02-27 17:11:53,0,0,1,0,133.02,0.33,55,Moderate
2026-02-27 17:11:54,0,0,1,0,133.07,0.33,55,Moderate
2026-02-27 17:11:54,0,0,0,0,133.05,0.33,70,Moderate
2026-02-27 17:11:54,0,0,0,0,133.09,0.34,70,Moderate
2026-02-27 17:11:54,0,0,0,0,133.11,0.33,70,Moderate
2026-02-27 17:11:54,0,0,0,0,133.12,0.33,70,Moderate
2026-02-27 17:11:54,0,0,0,0,133.13,0.33,70,Moderate
2026-02-27 17:11:55,0,0,1,0,133.14,0.34,55,Moderate
2026-02-27 17:11:55,0,0,1,0,133.01,0.33,55,Moderate
2026-02-27 17:11:55,0,0,1,0,133.03,0.33,55,Moderate
2026-02-27 17:11:55,0,0,1,0,133.03,0.33,55,Moderate
2026-02-27 17:11:55,0,0,1,0,133.04,0.34,55,Moderate
2026-02-27 17:11:55,0,0,1,0,133.07,0.33,55,Moderate
2026-02-27 17:11:55,0,0,1,0,133.09,0.33,55,Moderate
2026-02-27 17:11:56,0,0,1,0,133.09,0.33,55,Moderate
2026-02-27 17:11:56,0,0,1,0,133.26,0.34,55,Moderate
2026-02-27 17:11:56,0,0,1,0,133.28,0.34,55,Moderate
2026-02-27 17:11:56,0,0,1,0,133.31,0.34,55,Moderate
2026-02-27 17:11:56,0,0,0,0,133.31,0.34,70,Moderate
2026-02-27 17:11:56,0,0,0,0,133.37,0.34,70,Moderate
2026-02-27 17:11:56,0,0,0,0,133.38,0.34,70,Moderate
2026-02-27 17:11:57,0,0,0,0,133.41,0.34,70,Moderate
2026-02-27 17:11:57,0,0,0,0,133.26,0.34,70,Moderate
2026-02-27 17:11:57,0,0,0,0,133.29,0.33,70,Moderate
2026-02-27 17:11:57,0,0,0,0,133.29,0.33,70,Moderate
2026-02-27 17:11:57,0,0,0,0,133.32,0.34,70,Moderate
2026-02-27 17:11:57,0,0,0,0,133.34,0.34,70,Moderate
2026-02-27 17:11:57,0,0,1,0,133.36,0.34,55,Moderate
2026-02-27 17:11:58,0,0,1,0,133.37,0.34,55,Moderate
2026-02-27 17:11:58,0,0,1,0,133.46,0.34,55,Moderate
2026-02-27 17:11:58,0,0,1,0,133.46,0.34,55,Moderate
2026-02-27 17:11:58,0,0,1,0,133.49,0.34,55,Moderate
2026-02-27 17:11:58,0,0,1,0,133.50,0.34,55,Moderate
2026-02-27 17:11:58,0,0,1,0,133.52,0.34,55,Moderate
2026-02-27 17:11:58,0,0,1,0,133.55,0.34,55,Moderate
2026-02-27 17:11:59,0,0,1,0,133.56,0.34,55,Moderate
2026-02-27 17:11:59,0,0,1,0,133.60,0.34,55,Moderate
2026-02-27 17:11:59,0,0,1,0,133.56,0.34,55,Moderate
2026-02-27 17:11:59,0,0,1,0,133.52,0.34,55,Moderate
2026-02-27 17:11:59,0,0,1,0,133.53,0.34,55,Moderate
2026-02-27 17:11:59,0,0,1,0,133.58,0.34,55,Moderate
2026-02-27 17:11:59,0,0,1,0,133.57,0.34,55,Moderate
2026-02-27 17:12:00,0,0,1,0,133.62,0.34,55,Moderate
2026-02-27 17:12:00,0,0,1,0,133.64,0.34,55,Moderate
2026-02-27 17:12:00,0,0,1,0,133.67,0.34,55,Moderate
2026-02-27 17:12:00,0,0,1,0,133.80,0.34,55,Moderate
2026-02-27 17:12:00,0,0,1,0,133.82,0.34,55,Moderate
2026-02-27 17:12:00,0,0,1,0,133.85,0.34,55,Moderate
2026-02-27 17:12:01,0,0,1,0,133.89,0.34,55,Moderate
2026-02-27 17:12:01,0,0,1,0,133.89,0.34,55,Moderate
2026-02-27 17:12:01,0,0,1,0,133.89,0.34,55,Moderate
2026-02-27 17:12:01,0,0,1,0,133.87,0.34,55,Moderate
2026-02-27 17:12:01,0,0,1,0,132.93,0.33,55,Moderate
2026-02-27 17:12:01,0,0,1,0,132.63,0.32,55,Moderate
2026-02-27 17:12:01,0,0,1,0,131.98,0.31,55,Moderate
2026-02-27 17:12:02,0,0,1,0,132.01,0.31,55,Moderate
2026-02-27 17:12:02,0,0,1,0,132.03,0.31,55,Moderate
2026-02-27 17:12:02,0,0,1,0,132.08,0.31,55,Moderate
2026-02-27 17:12:02,0,0,1,0,132.16,0.31,55,Moderate
2026-02-27 17:12:02,0,0,1,0,132.23,0.32,55,Moderate
2026-02-27 17:12:02,0,0,1,0,132.23,0.32,55,Moderate
2026-02-27 17:12:02,0,0,1,0,132.38,0.32,55,Moderate
2026-02-27 17:12:03,0,0,1,0,132.40,0.31,55,Moderate
2026-02-27 17:12:03,0,0,1,0,132.42,0.32,55,Moderate
2026-02-27 17:12:03,0,0,1,0,132.46,0.32,55,Moderate
2026-02-27 17:12:03,0,0,1,0,132.48,0.32,55,Moderate
2026-02-27 17:12:03,0,0,1,0,132.48,0.32,55,Moderate
2026-02-27 17:12:03,0,0,1,0,132.30,0.32,55,Moderate
2026-02-27 17:12:03,0,0,1,0,129.61,0.32,55,Moderate
2026-02-27 17:12:04,0,0,1,0,129.52,0.30,55,Moderate
2026-02-27 17:12:04,0,0,1,0,133.28,0.32,55,Moderate
2026-02-27 17:12:04,0,0,1,0,133.14,0.37,55,Moderate
2026-02-27 17:12:04,0,0,1,0,133.44,0.32,55,Moderate
2026-02-27 17:12:04,0,0,1,0,133.56,0.31,55,Moderate
2026-02-27 17:12:04,0,0,1,0,133.56,0.33,55,Moderate
2026-02-27 17:12:04,0,0,1,0,133.06,0.32,55,Moderate
2026-02-27 17:12:05,0,0,1,0,132.19,0.30,55,Moderate
2026-02-27 17:12:05,0,0,1,0,132.22,0.31,55,Moderate
2026-02-27 17:12:05,0,0,1,0,132.32,0.31,55,Moderate
2026-02-27 17:12:05,0,0,1,0,132.40,0.31,55,Moderate
2026-02-27 17:12:05,0,0,1,0,132.54,0.31,55,Moderate
2026-02-27 17:12:05,0,0,1,0,132.60,0.31,55,Moderate
2026-02-27 17:12:05,0,0,1,0,132.65,0.31,55,Moderate
2026-02-27 17:12:06,0,0,1,0,132.70,0.31,55,Moderate
2026-02-27 17:12:06,0,0,1,0,132.64,0.31,55,Moderate
2026-02-27 17:12:06,0,0,1,0,132.69,0.31,55,Moderate
2026-02-27 17:12:06,0,0,1,0,132.77,0.31,55,Moderate
2026-02-27 17:12:06,0,0,1,0,132.82,0.31,55,Moderate
2026-02-27 17:12:06,0,0,1,0,133.04,0.31,55,Moderate
2026-02-27 17:12:07,0,0,1,0,133.08,0.31,55,Moderate
2026-02-27 17:12:07,0,0,1,0,133.13,0.31,55,Moderate
2026-02-27 17:12:07,0,0,0,0,133.17,0.31,70,Moderate
2026-02-27 17:12:07,0,0,1,0,133.20,0.31,55,Moderate
2026-02-27 17:12:07,0,0,0,0,133.51,0.27,70,Moderate
2026-02-27 17:12:07,0,0,1,0,133.42,0.30,55,Moderate
2026-02-27 17:12:07,0,0,1,0,133.24,0.34,55,Moderate
2026-02-27 17:12:08,0,0,1,0,133.30,0.30,55,Moderate
2026-02-27 17:12:08,0,0,1,0,133.30,0.32,55,Moderate
2026-02-27 17:12:08,0,0,1,0,132.83,0.31,55,Moderate
2026-02-27 17:12:08,0,0,1,0,131.95,0.30,55,Moderate
2026-02-27 17:12:08,0,0,1,0,131.56,0.29,55,Moderate
2026-02-27 17:12:08,0,0,1,0,131.53,0.29,55,Moderate
2026-02-27 17:12:08,0,0,1,0,131.74,0.29,55,Moderate
2026-02-27 17:12:09,0,0,1,0,131.73,0.29,55,Moderate
2026-02-27 17:12:09,0,0,1,0,131.75,0.30,55,Moderate
2026-02-27 17:12:09,0,0,1,0,131.68,0.29,55,Moderate
2026-02-27 17:12:09,0,0,1,0,130.41,0.29,55,Moderate
2026-02-27 17:12:09,0,0,1,0,129.94,0.29,55,Moderate
2026-02-27 17:12:09,0,0,1,0,131.09,0.29,55,Moderate
2026-02-27 17:12:09,0,0,1,0,131.83,0.29,55,Moderate
2026-02-27 17:12:10,0,0,1,0,131.80,0.29,55,Moderate
2026-02-27 17:12:10,0,0,1,0,131.58,0.29,55,Moderate
2026-02-27 17:12:10,0,0,1,0,131.55,0.29,55,Moderate
2026-02-27 17:12:10,0,0,1,0,131.61,0.29,55,Moderate
2026-02-27 17:12:10,0,0,1,0,131.63,0.29,55,Moderate
2026-02-27 17:12:10,0,0,1,0,131.72,0.29,55,Moderate
2026-02-27 17:12:11,0,0,1,0,131.79,0.29,55,Moderate
2026-02-27 17:12:11,0,0,1,0,131.86,0.29,55,Moderate
2026-02-27 17:12:11,0,0,1,0,131.88,0.29,55,Moderate
2026-02-27 17:12:11,0,0,1,0,131.99,0.29,55,Moderate
2026-02-27 17:12:11,0,0,1,0,131.96,0.29,55,Moderate
2026-02-27 17:12:11,0,0,1,0,131.97,0.29,55,Moderate
2026-02-27 17:12:11,0,0,1,0,131.97,0.29,55,Moderate
2026-02-27 17:12:12,0,0,1,0,132.00,0.29,55,Moderate
2026-02-27 17:12:12,0,0,1,0,132.00,0.29,55,Moderate
2026-02-27 17:12:12,0,0,1,0,132.01,0.29,55,Moderate
2026-02-27 17:12:12,0,0,1,0,131.86,0.29,55,Moderate
2026-02-27 17:12:12,0,0,1,0,131.85,0.29,55,Moderate
2026-02-27 17:12:12,0,0,1,0,131.82,0.29,55,Moderate
2026-02-27 17:12:12,0,0,1,0,131.79,0.29,55,Moderate
2026-02-27 17:12:13,0,0,1,0,131.80,0.29,55,Moderate
2026-02-27 17:12:13,0,0,1,0,131.77,0.29,55,Moderate
2026-02-27 17:12:13,0,0,1,0,131.95,0.30,55,Moderate
2026-02-27 17:12:13,0,0,1,0,131.96,0.30,55,Moderate
2026-02-27 17:12:13,0,0,1,0,131.97,0.30,55,Moderate
2026-02-27 17:12:13,0,0,1,0,131.95,0.30,55,Moderate
2026-02-27 17:12:13,0,0,1,0,131.96,0.30,55,Moderate
2026-02-27 17:12:14,0,0,1,0,131.96,0.30,55,Moderate
2026-02-27 17:12:14,0,0,1,0,131.91,0.29,55,Moderate
2026-02-27 17:12:14,0,0,1,0,131.89,0.29,55,Moderate
2026-02-27 17:12:14,0,0,1,0,131.79,0.29,55,Moderate
2026-02-27 17:12:14,0,0,1,0,131.79,0.29,55,Moderate
2026-02-27 17:12:14,0,0,1,0,131.80,0.29,55,Moderate
2026-02-27 17:12:14,0,0,1,0,131.80,0.29,55,Moderate
2026-02-27 17:12:15,0,0,2,0,131.80,0.29,40,Poor
2026-02-27 17:12:15,0,0,1,0,131.75,0.29,55,Moderate
2026-02-27 17:12:15,0,0,1,0,131.77,0.29,55,Moderate
2026-02-27 17:12:15,0,0,1,0,131.89,0.29,55,Moderate
2026-02-27 17:12:15,0,0,1,0,131.88,0.30,55,Moderate
2026-02-27 17:12:15,0,0,1,0,131.88,0.29,55,Moderate
2026-02-27 17:12:16,0,0,1,0,131.89,0.30,55,Moderate
2026-02-27 17:12:16,0,0,1,0,131.91,0.30,55,Moderate
2026-02-27 17:12:16,0,0,1,0,131.92,0.29,55,Moderate
2026-02-27 17:12:16,0,0,1,0,131.84,0.30,55,Moderate
2026-02-27 17:12:16,0,0,1,0,131.78,0.29,55,Moderate
2026-02-27 17:12:16,0,0,1,0,131.78,0.29,55,Moderate
2026-02-27 17:12:16,0,0,1,0,131.80,0.29,55,Moderate
2026-02-27 17:12:17,0,0,1,0,131.82,0.29,55,Moderate
2026-02-27 17:12:17,0,0,1,0,131.82,0.29,55,Moderate
2026-02-27 17:12:17,0,0,1,0,131.85,0.29,55,Moderate
2026-02-27 17:12:17,0,0,1,0,131.92,0.29,55,Moderate
2026-02-27 17:12:17,0,0,1,0,131.92,0.29,55,Moderate
2026-02-27 17:12:17,0,0,1,0,131.92,0.30,55,Moderate
2026-02-27 17:12:17,0,0,1,0,131.95,0.29,55,Moderate
2026-02-27 17:12:18,0,0,1,0,131.97,0.30,55,Moderate
2026-02-27 17:12:18,0,0,1,0,131.99,0.30,55,Moderate
2026-02-27 17:12:18,0,0,1,0,132.00,0.30,55,Moderate
2026-02-27 17:12:18,0,0,2,0,131.97,0.29,40,Poor
2026-02-27 17:12:18,0,0,1,0,131.88,0.29,55,Moderate
2026-02-27 17:12:18,0,0,1,0,131.89,0.30,55,Moderate
2026-02-27 17:12:18,0,0,1,0,131.88,0.29,55,Moderate
2026-02-27 17:12:19,0,0,1,0,131.89,0.29,55,Moderate
2026-02-27 17:12:19,0,0,1,0,131.92,0.29,55,Moderate
2026-02-27 17:12:19,0,0,1,0,131.91,0.29,55,Moderate
2026-02-27 17:12:19,0,0,1,0,131.92,0.30,55,Moderate
2026-02-27 17:12:19,0,0,1,0,132.01,0.30,55,Moderate
2026-02-27 17:12:19,0,0,1,0,132.02,0.30,55,Moderate
2026-02-27 17:12:20,0,0,2,0,132.04,0.29,40,Poor
2026-02-27 17:12:20,0,0,1,0,132.05,0.30,55,Moderate
2026-02-27 17:12:20,0,0,2,0,132.07,0.30,40,Poor
2026-02-27 17:12:20,0,0,1,0,132.09,0.30,55,Moderate
2026-02-27 17:12:20,0,0,2,0,132.12,0.29,40,Poor
2026-02-27 17:12:20,0,0,1,0,132.06,0.29,55,Moderate
2026-02-27 17:12:20,0,0,1,0,132.08,0.29,55,Moderate
2026-02-27 17:12:21,0,0,2,0,132.25,0.26,40,Poor
2026-02-27 17:12:21,0,0,1,0,132.32,0.30,55,Moderate
2026-02-27 17:12:21,0,0,1,0,132.16,0.33,55,Moderate
2026-02-27 17:12:21,0,0,1,0,132.27,0.30,55,Moderate
2026-02-27 17:12:21,0,0,1,0,132.29,0.30,55,Moderate
2026-02-27 17:12:21,0,0,1,0,132.31,0.30,55,Moderate
2026-02-27 17:12:21,0,0,1,0,132.35,0.30,55,Moderate
2026-02-27 17:12:22,0,0,2,0,132.50,0.30,40,Poor
2026-02-27 17:12:22,0,0,2,0,132.55,0.30,40,Poor
2026-02-27 17:12:22,0,0,1,0,132.58,0.30,55,Moderate
2026-02-27 17:12:22,0,0,1,0,132.62,0.30,55,Moderate
2026-02-27 17:12:22,0,0,1,0,132.66,0.30,55,Moderate
2026-02-27 17:12:22,0,0,1,0,132.67,0.30,55,Moderate
2026-02-27 17:12:22,0,0,1,0,132.63,0.30,55,Moderate
2026-02-27 17:12:23,0,0,2,0,132.69,0.30,40,Poor
2026-02-27 17:12:23,0,0,1,0,132.73,0.30,55,Moderate
2026-02-27 17:12:23,0,0,1,0,132.76,0.30,55,Moderate
2026-02-27 17:12:23,0,0,1,0,132.81,0.30,55,Moderate
2026-02-27 17:12:23,0,0,1,0,132.85,0.30,55,Moderate
2026-02-27 17:12:23,0,0,1,0,133.01,0.30,55,Moderate
2026-02-27 17:12:24,0,0,1,0,133.06,0.30,55,Moderate
2026-02-27 17:12:24,0,0,1,0,133.03,0.30,55,Moderate
2026-02-27 17:12:24,0,0,1,0,133.02,0.30,55,Moderate
2026-02-27 17:12:24,0,0,1,0,133.07,0.30,55,Moderate
2026-02-27 17:12:24,0,0,1,0,133.04,0.30,55,Moderate
2026-02-27 17:12:24,0,0,1,0,133.18,0.30,55,Moderate
2026-02-27 17:12:24,0,0,2,0,133.23,0.30,40,Poor
2026-02-27 17:12:25,0,0,2,0,133.29,0.30,40,Poor
2026-02-27 17:12:25,0,0,1,0,133.34,0.30,55,Moderate
2026-02-27 17:12:25,0,0,1,0,133.41,0.30,55,Moderate
2026-02-27 17:12:25,0,0,2,0,133.60,0.30,40,Poor
2026-02-27 17:12:25,0,0,1,0,133.50,0.29,55,Moderate
2026-02-27 17:12:25,0,0,0,0,132.37,0.28,70,Moderate
2026-02-27 17:12:25,0,0,0,0,132.26,0.28,70,Moderate
2026-02-27 17:12:26,0,0,1,0,133.22,0.28,55,Moderate
2026-02-27 17:12:26,0,0,1,0,136.16,0.29,55,Moderate
2026-02-27 17:12:26,0,0,1,0,137.91,0.18,55,Moderate
2026-02-27 17:12:26,0,0,1,0,134.04,0.21,55,Moderate
2026-02-27 17:12:26,0,0,1,0,134.28,0.17,55,Moderate
2026-02-27 17:12:26,0,0,1,0,133.82,0.19,55,Moderate
2026-02-27 17:12:26,0,0,1,0,133.84,0.19,55,Moderate
2026-02-27 17:12:27,0,0,1,0,134.01,0.18,55,Moderate
2026-02-27 17:12:27,0,0,1,0,133.93,0.18,55,Moderate
2026-02-27 17:12:27,0,0,1,0,134.31,0.17,55,Moderate
2026-02-27 17:12:27,0,0,2,0,134.23,0.17,40,Poor
2026-02-27 17:12:27,0,0,2,0,134.30,0.17,40,Poor
2026-02-27 17:12:27,0,0,1,0,134.27,0.17,55,Moderate
2026-02-27 17:12:28,0,0,1,0,134.25,0.17,55,Moderate
2026-02-27 17:12:28,0,0,1,0,134.32,0.17,55,Moderate
2026-02-27 17:12:28,0,0,1,0,134.30,0.17,55,Moderate
2026-02-27 17:12:28,0,0,1,0,134.10,0.17,55,Moderate
2026-02-27 17:12:28,0,0,1,0,134.04,0.17,55,Moderate
2026-02-27 17:12:28,0,0,0,0,134.04,0.17,70,Moderate
2026-02-27 17:12:28,0,0,0,0,134.04,0.17,70,Moderate
2026-02-27 17:12:29,0,0,0,0,134.04,0.17,70,Moderate
2026-02-27 17:12:29,0,0,1,0,134.11,0.17,55,Moderate
2026-02-27 17:12:29,0,0,1,0,134.29,0.17,55,Moderate
2026-02-27 17:12:29,0,0,1,0,134.32,0.17,55,Moderate
2026-02-27 17:12:29,0,0,1,0,134.35,0.17,55,Moderate
2026-02-27 17:12:29,0,0,1,0,134.36,0.17,55,Moderate
2026-02-27 17:12:29,0,0,1,0,134.37,0.17,55,Moderate
2026-02-27 17:12:30,0,0,1,0,134.37,0.17,55,Moderate
2026-02-27 17:12:30,0,0,1,0,134.26,0.17,55,Moderate
2026-02-27 17:12:30,0,0,1,0,134.25,0.17,55,Moderate
2026-02-27 17:12:30,0,0,1,0,134.28,0.17,55,Moderate
2026-02-27 17:12:30,0,0,1,0,134.30,0.16,55,Moderate
2026-02-27 17:12:30,0,0,1,0,134.49,0.17,55,Moderate
2026-02-27 17:12:31,0,0,1,0,134.49,0.16,55,Moderate
2026-02-27 17:12:31,0,0,1,0,134.49,0.16,55,Moderate
2026-02-27 17:12:31,0,0,1,0,134.42,0.17,55,Moderate
2026-02-27 17:12:31,0,0,1,0,134.46,0.17,55,Moderate
2026-02-27 17:12:31,0,0,1,0,134.43,0.16,55,Moderate
2026-02-27 17:12:31,0,0,1,0,134.43,0.16,55,Moderate
2026-02-27 17:12:31,0,0,1,0,134.26,0.17,55,Moderate
2026-02-27 17:12:32,0,0,1,0,134.28,0.17,55,Moderate
2026-02-27 17:12:32,0,0,1,0,134.29,0.16,55,Moderate
2026-02-27 17:12:32,0,0,1,0,134.15,0.17,55,Moderate
2026-02-27 17:12:32,0,0,1,0,134.13,0.17,55,Moderate
2026-02-27 17:12:32,0,0,1,0,134.14,0.16,55,Moderate
2026-02-27 17:12:32,0,0,1,0,134.20,0.17,55,Moderate
2026-02-27 17:12:32,0,0,1,0,134.23,0.17,55,Moderate
2026-02-27 17:12:33,0,0,1,0,134.25,0.17,55,Moderate
2026-02-27 17:12:33,0,0,1,0,134.24,0.17,55,Moderate
2026-02-27 17:12:33,0,0,1,0,134.22,0.17,55,Moderate
2026-02-27 17:12:33,0,0,1,0,134.23,0.17,55,Moderate
2026-02-27 17:12:33,0,0,1,0,134.25,0.17,55,Moderate
2026-02-27 17:12:33,0,0,1,0,134.18,0.17,55,Moderate
2026-02-27 17:12:34,0,0,1,0,134.19,0.17,55,Moderate
2026-02-27 17:12:34,0,0,1,0,134.20,0.17,55,Moderate
2026-02-27 17:12:34,0,0,1,0,134.20,0.17,55,Moderate
2026-02-27 17:12:34,0,0,1,0,134.18,0.17,55,Moderate
2026-02-27 17:12:34,0,0,1,0,134.18,0.17,55,Moderate
2026-02-27 17:12:34,0,0,1,0,134.19,0.17,55,Moderate
2026-02-27 17:12:34,0,0,1,0,134.20,0.17,55,Moderate
2026-02-27 17:12:35,0,0,1,0,134.18,0.17,55,Moderate
2026-02-27 17:12:35,0,0,1,0,134.26,0.17,55,Moderate
2026-02-27 17:12:35,0,0,1,0,134.26,0.17,55,Moderate
2026-02-27 17:12:35,0,0,1,0,134.26,0.17,55,Moderate
2026-02-27 17:12:35,0,0,1,0,134.23,0.17,55,Moderate
2026-02-27 17:12:35,0,0,1,0,134.24,0.17,55,Moderate
2026-02-27 17:12:35,0,0,1,0,134.22,0.17,55,Moderate
2026-02-27 17:12:36,0,0,1,0,134.23,0.17,55,Moderate
2026-02-27 17:12:36,0,0,1,0,134.25,0.17,55,Moderate
2026-02-27 17:12:36,0,0,1,0,134.23,0.17,55,Moderate
2026-02-27 17:12:36,0,0,1,0,134.20,0.17,55,Moderate
2026-02-27 17:12:36,0,0,1,0,134.18,0.17,55,Moderate
2026-02-27 17:12:36,0,0,1,0,134.18,0.17,55,Moderate
2026-02-27 17:12:36,0,0,1,0,134.19,0.17,55,Moderate
2026-02-27 17:12:37,0,0,1,0,134.20,0.17,55,Moderate
2026-02-27 17:12:37,0,0,1,0,134.20,0.17,55,Moderate
2026-02-27 17:12:37,0,0,1,0,134.28,0.17,55,Moderate
2026-02-27 17:12:37,0,0,1,0,134.24,0.17,55,Moderate
2026-02-27 17:12:37,0,0,1,0,134.21,0.17,55,Moderate
2026-02-27 17:12:37,0,0,1,0,134.21,0.17,55,Moderate
2026-02-27 17:12:37,0,0,1,0,134.24,0.16,55,Moderate
2026-02-27 17:12:38,0,0,0,0,133.18,0.20,70,Moderate
2026-02-27 17:12:38,0,0,1,0,129.87,0.23,55,Moderate
2026-02-27 17:12:38,0,0,1,0,131.11,0.23,55,Moderate
2026-02-27 17:12:38,0,0,1,0,132.65,0.22,55,Moderate
2026-02-27 17:12:38,0,0,1,0,131.77,0.23,55,Moderate
2026-02-27 17:12:38,0,0,1,0,133.35,0.19,55,Moderate
2026-02-27 17:12:38,0,0,0,0,133.68,0.19,70,Moderate
2026-02-27 17:12:39,0,0,1,0,141.92,0.00,55,Moderate
2026-02-27 17:12:39,0,0,0,1,145.58,0.00,40,Poor
2026-02-27 17:12:39,0,0,1,1,136.20,0.00,25,Poor
2026-02-27 17:12:39,0,0,0,1,134.73,0.01,40,Poor
2026-02-27 17:12:39,0,0,1,0,134.73,0.01,55,Moderate
2026-02-27 17:12:39,0,0,1,0,134.80,0.00,55,Moderate
2026-02-27 17:12:39,0,0,1,0,134.84,0.00,55,Moderate
2026-02-27 17:12:40,0,0,1,0,135.20,0.01,55,Moderate
2026-02-27 17:12:40,0,0,1,0,135.36,0.01,55,Moderate
2026-02-27 17:12:40,0,0,1,0,134.24,0.01,55,Moderate
2026-02-27 17:12:40,0,0,1,0,133.51,0.01,55,Moderate
2026-02-27 17:12:40,0,0,1,0,129.37,0.01,55,Moderate
2026-02-27 17:12:40,0,0,1,0,132.56,0.00,55,Moderate
2026-02-27 17:12:41,0,0,0,0,119.43,0.00,70,Moderate
2026-02-27 17:12:41,0,0,0,0,53.16,0.00,60,Moderate
2026-02-27 17:12:41,0,0,0,0,66.57,0.00,60,Moderate
2026-02-27 17:12:41,0,0,0,0,101.58,0.00,70,Moderate
2026-02-27 17:12:41,0,0,0,0,123.80,0.13,70,Moderate
2026-02-27 17:12:41,0,0,0,0,118.78,0.83,70,Moderate
2026-02-27 17:12:41,0,0,0,0,128.35,0.59,70,Moderate
2026-02-27 17:12:42,0,0,0,0,151.53,12.64,60,Moderate
2026-02-27 17:12:42,0,0,0,0,124.90,8.79,60,Moderate
2026-02-27 17:12:42,0,0,0,1,112.57,4.28,40,Poor
2026-02-27 17:12:42,0,0,0,0,104.40,2.43,70,Moderate
2026-02-27 17:12:42,0,0,0,0,99.72,1.22,70,Moderate
2026-02-27 17:12:42,0,0,0,0,103.49,1.34,70,Moderate
2026-02-27 17:12:42,0,0,0,0,107.97,0.62,70,Moderate
2026-02-27 17:12:43,0,0,0,0,109.54,0.26,70,Moderate
2026-02-27 17:12:43,0,0,0,0,112.10,0.01,70,Moderate
2026-02-27 17:12:43,0,0,0,1,112.66,0.02,40,Poor
2026-02-27 17:12:43,0,0,0,0,113.50,0.01,70,Moderate
2026-02-27 17:12:43,0,0,0,1,114.36,0.02,40,Poor
2026-02-27 17:12:43,0,0,0,1,115.38,0.02,40,Poor
2026-02-27 17:12:44,0,0,0,1,115.51,0.01,40,Poor
2026-02-27 17:12:44,0,0,0,1,115.12,0.00,40,Poor
2026-02-27 17:12:44,0,0,0,1,115.34,0.00,40,Poor
2026-02-27 17:12:44,0,0,0,1,116.11,0.00,40,Poor
2026-02-27 17:12:44,0,0,0,1,116.45,0.01,40,Poor
2026-02-27 17:12:44,0,0,0,1,116.60,0.00,40,Poor
2026-02-27 17:12:44,0,0,0,1,116.65,0.01,40,Poor
2026-02-27 17:12:45,0,0,0,1,116.69,0.00,40,Poor
2026-02-27 17:12:45,0,0,0,1,116.47,0.01,40,Poor
2026-02-27 17:12:45,0,0,0,1,116.35,0.00,40,Poor
2026-02-27 17:12:45,0,0,0,1,116.15,0.01,40,Poor
2026-02-27 17:12:45,0,0,0,1,115.94,0.00,40,Poor
2026-02-27 17:12:45,0,0,0,1,114.05,0.00,40,Poor
2026-02-27 17:12:45,0,0,0,1,111.97,0.00,40,Poor
2026-02-27 17:12:46,0,0,0,1,108.83,0.00,40,Poor
2026-02-27 17:12:46,0,0,0,0,107.67,0.00,70,Moderate
2026-02-27 17:12:46,0,0,0,1,108.15,0.00,40,Poor
2026-02-27 17:12:46,0,0,0,1,113.01,0.02,40,Poor
2026-02-27 17:12:46,0,0,0,0,114.41,0.04,70,Moderate
2026-02-27 17:12:46,0,0,0,1,116.35,0.10,40,Poor
2026-02-27 17:12:46,0,0,0,1,117.20,0.09,40,Poor
2026-02-27 17:12:47,0,0,0,1,115.53,0.03,40,Poor
2026-02-27 17:12:47,0,0,0,1,114.34,0.01,40,Poor
2026-02-27 17:12:47,0,0,1,1,114.88,0.01,25,Poor
2026-02-27 17:12:47,0,0,0,1,114.05,0.01,40,Poor
2026-02-27 17:12:47,0,0,0,0,112.36,0.01,70,Moderate
2026-02-27 17:12:47,0,0,0,1,112.87,0.00,40,Poor
2026-02-27 17:12:47,0,0,0,1,113.57,0.00,40,Poor
2026-02-27 17:12:48,0,0,0,0,115.14,0.00,70,Moderate
2026-02-27 17:12:48,0,0,0,0,120.75,0.03,70,Moderate
2026-02-27 17:12:48,0,0,0,1,121.78,0.02,40,Poor
2026-02-27 17:12:48,0,0,0,1,120.85,0.02,40,Poor
2026-02-27 17:12:48,0,0,0,1,121.34,0.00,40,Poor
2026-02-27 17:12:48,0,0,1,1,117.40,0.00,25,Poor
2026-02-27 17:12:49,0,0,1,1,114.00,0.00,25,Poor
2026-02-27 17:12:49,0,0,1,1,116.63,0.00,25,Poor
2026-02-27 17:12:49,0,0,0,1,116.63,0.00,40,Poor
2026-02-27 17:12:49,0,0,0,1,114.71,0.00,40,Poor
2026-02-27 17:12:49,0,0,1,1,115.33,0.00,25,Poor
2026-02-27 17:12:49,0,0,0,1,115.05,0.00,40,Poor
2026-02-27 17:12:50,0,0,0,1,123.19,0.00,40,Poor
2026-02-27 17:12:50,0,0,0,1,115.45,0.00,40,Poor
2026-02-27 17:12:50,0,0,0,1,113.80,0.00,40,Poor
2026-02-27 17:12:50,0,0,0,1,114.31,0.00,40,Poor
2026-02-27 17:12:50,0,0,0,1,113.71,0.01,40,Poor
2026-02-27 17:12:50,0,0,0,1,113.62,0.00,40,Poor
2026-02-27 17:12:50,0,0,0,1,114.42,0.01,40,Poor
2026-02-27 17:12:51,0,0,0,1,115.48,0.01,40,Poor
2026-02-27 17:12:51,0,0,0,1,115.95,0.01,40,Poor
2026-02-27 17:12:51,0,0,0,1,119.14,0.01,40,Poor
2026-02-27 17:12:51,0,0,0,1,119.84,0.01,40,Poor
2026-02-27 17:12:51,0,0,0,1,120.51,0.01,40,Poor
2026-02-27 17:12:51,0,0,0,1,119.76,0.01,40,Poor
2026-02-27 17:12:51,0,0,0,1,119.67,0.01,40,Poor
2026-02-27 17:12:52,0,0,0,1,119.82,0.01,40,Poor
2026-02-27 17:12:52,0,0,0,1,119.81,0.02,40,Poor
2026-02-27 17:12:52,0,0,0,1,119.74,0.05,40,Poor
2026-02-27 17:12:52,0,0,0,1,118.18,0.12,40,Poor
2026-02-27 17:12:52,0,0,0,1,116.44,0.13,40,Poor
2026-02-27 17:12:52,0,0,0,1,116.41,0.14,40,Poor
2026-02-27 17:12:53,0,0,0,1,115.67,0.17,40,Poor
2026-02-27 17:12:53,0,0,0,1,116.82,0.18,40,Poor
2026-02-27 17:12:53,0,0,0,1,121.41,0.18,40,Poor
2026-02-27 17:12:53,0,0,0,1,121.47,0.19,40,Poor
2026-02-27 17:12:53,0,0,0,1,124.18,0.19,40,Poor
2026-02-27 17:12:53,0,0,0,1,125.50,0.19,40,Poor
2026-02-27 17:12:53,0,0,0,1,125.51,0.19,40,Poor
2026-02-27 17:12:54,0,0,0,1,125.15,0.19,40,Poor
2026-02-27 17:12:54,0,0,0,1,124.12,0.18,40,Poor
2026-02-27 17:12:54,0,0,0,1,122.09,0.18,40,Poor
2026-02-27 17:12:54,0,0,0,1,122.37,0.19,40,Poor
2026-02-27 17:12:54,0,0,0,1,125.11,0.20,40,Poor
2026-02-27 17:12:54,0,0,0,1,127.05,0.20,40,Poor
2026-02-27 17:12:55,0,0,0,1,125.75,0.19,40,Poor
2026-02-27 17:12:55,0,0,0,1,123.55,0.16,40,Poor
2026-02-27 17:12:55,0,0,0,1,122.96,0.17,40,Poor
2026-02-27 17:12:55,0,0,0,1,121.40,0.16,40,Poor
2026-02-27 17:12:55,0,0,0,1,119.13,0.15,40,Poor
2026-02-27 17:12:55,0,0,0,1,120.43,0.15,40,Poor
2026-02-27 17:12:55,0,0,0,1,119.07,0.16,40,Poor
2026-02-27 17:12:56,0,0,0,1,120.17,0.17,40,Poor
2026-02-27 17:12:56,0,0,0,1,120.73,0.18,40,Poor
2026-02-27 17:12:56,0,0,0,1,121.94,0.20,40,Poor
2026-02-27 17:12:56,0,0,0,1,123.02,0.21,40,Poor
2026-02-27 17:12:56,0,0,0,1,123.81,0.20,40,Poor
2026-02-27 17:12:56,0,0,0,1,121.78,0.19,40,Poor
2026-02-27 17:12:56,0,0,0,1,122.24,0.20,40,Poor
2026-02-27 17:12:57,0,0,0,1,117.39,0.17,40,Poor
2026-02-27 17:12:57,0,0,0,1,113.16,0.22,40,Poor
2026-02-27 17:12:57,0,0,0,1,115.86,0.28,40,Poor
2026-02-27 17:12:57,0,0,0,1,117.36,0.31,40,Poor
2026-02-27 17:12:57,0,0,0,1,118.18,0.31,40,Poor
2026-02-27 17:12:57,0,0,0,1,117.62,0.32,40,Poor
2026-02-27 17:12:58,0,0,0,1,118.47,0.32,40,Poor
2026-02-27 17:12:58,0,0,0,1,121.05,0.27,40,Poor
2026-02-27 17:12:58,0,0,0,1,120.90,0.23,40,Poor
2026-02-27 17:12:58,0,0,0,1,116.86,0.27,40,Poor
2026-02-27 17:12:58,0,0,0,1,118.99,0.32,40,Poor
2026-02-27 17:12:58,0,0,0,1,120.08,0.26,40,Poor
2026-02-27 17:12:59,0,0,0,1,119.71,0.16,40,Poor
2026-02-27 17:12:59,0,0,0,1,119.03,0.05,40,Poor
2026-02-27 17:12:59,0,0,0,1,120.27,0.04,40,Poor
2026-02-27 17:12:59,0,0,0,1,119.77,0.04,40,Poor
2026-02-27 17:12:59,0,0,0,1,119.19,0.05,40,Poor
2026-02-27 17:13:00,0,0,0,1,115.08,0.23,40,Poor
2026-02-27 17:13:00,0,0,0,0,110.96,0.39,70,Moderate
2026-02-27 17:13:00,0,0,0,0,126.83,1.97,70,Moderate
2026-02-27 17:13:00,0,0,0,0,96.33,3.22,70,Moderate
2026-02-27 17:13:00,0,0,0,0,78.59,2.34,60,Moderate
2026-02-27 17:13:00,0,0,0,1,87.77,1.37,40,Poor
2026-02-27 17:13:01,0,0,0,0,101.01,1.15,70,Moderate
2026-02-27 17:13:01,0,0,0,0,102.06,0.39,70,Moderate
2026-02-27 17:13:01,0,0,0,1,95.73,0.05,40,Poor
2026-02-27 17:13:01,0,0,0,0,96.89,0.02,70,Moderate
2026-02-27 17:13:01,0,0,0,0,98.07,0.02,70,Moderate
2026-02-27 17:13:02,0,0,0,0,100.08,0.05,70,Moderate
2026-02-27 17:13:02,0,0,0,0,102.69,0.09,70,Moderate
2026-02-27 17:13:02,0,0,0,0,103.82,0.11,70,Moderate
2026-02-27 17:13:02,0,0,0,0,104.01,0.14,70,Moderate
2026-02-27 17:13:02,0,0,0,0,103.88,0.14,70,Moderate
2026-02-27 17:13:02,0,0,0,0,103.61,0.15,70,Moderate
2026-02-27 17:13:03,0,0,0,0,103.65,0.17,70,Moderate
2026-02-27 17:13:03,0,0,0,0,103.89,0.27,70,Moderate
2026-02-27 17:13:03,0,0,0,0,104.12,0.34,70,Moderate
2026-02-27 17:13:03,0,0,0,0,104.09,0.43,70,Moderate
2026-02-27 17:13:03,0,0,0,0,104.20,0.57,70,Moderate
2026-02-27 17:13:04,0,0,0,2,103.78,0.53,10,Poor
2026-02-27 17:13:04,0,0,0,0,103.92,0.55,70,Moderate
2026-02-27 17:13:04,0,0,0,0,103.76,0.53,70,Moderate
2026-02-27 17:13:04,0,0,0,1,103.56,0.48,40,Poor
2026-02-27 17:13:04,0,0,0,1,103.29,0.46,40,Poor
2026-02-27 17:13:05,0,0,0,0,102.92,0.49,70,Moderate
2026-02-27 17:13:05,0,0,0,0,103.14,0.49,70,Moderate
2026-02-27 17:13:05,0,0,0,0,102.96,0.49,70,Moderate
2026-02-27 17:13:05,0,0,0,0,102.40,0.42,70,Moderate
2026-02-27 17:13:05,0,0,0,0,101.88,0.43,70,Moderate
2026-02-27 17:13:05,0,0,0,0,103.17,0.50,70,Moderate
2026-02-27 17:13:06,0,0,0,0,103.58,0.51,70,Moderate
2026-02-27 17:13:06,0,0,0,0,103.68,0.50,70,Moderate
2026-02-27 17:13:06,0,0,0,0,103.24,0.51,70,Moderate
2026-02-27 17:13:06,0,0,0,0,103.30,0.52,70,Moderate
2026-02-27 17:13:06,0,0,0,0,103.20,0.50,70,Moderate
2026-02-27 17:13:06,0,0,0,0,103.11,0.49,70,Moderate
2026-02-27 17:13:07,0,0,0,0,103.00,0.47,70,Moderate
2026-02-27 17:13:07,0,0,0,0,102.62,0.48,70,Moderate
2026-02-27 17:13:07,0,0,0,0,102.47,0.47,70,Moderate
2026-02-27 17:13:08,0,0,0,0,102.44,0.47,70,Moderate
2026-02-27 17:13:08,0,0,0,0,104.32,0.39,70,Moderate
2026-02-27 17:13:09,0,0,0,0,104.68,0.47,70,Moderate
2026-02-27 17:13:09,0,0,0,0,104.53,0.46,70,Moderate
2026-02-27 17:13:10,0,0,0,0,104.28,0.51,70,Moderate
2026-02-27 17:13:10,0,0,0,0,104.37,0.92,70,Moderate
2026-02-27 17:13:11,0,0,0,0,110.65,0.79,70,Moderate
2026-02-27 17:13:11,0,0,0,0,109.65,2.39,70,Moderate
2026-02-27 17:13:12,0,0,0,0,99.78,0.56,70,Moderate
2026-02-27 17:13:12,0,0,0,0,98.14,0.49,70,Moderate
2026-02-27 17:13:13,0,0,0,0,100.30,0.49,70,Moderate
2026-02-27 17:13:13,0,0,0,0,101.38,0.48,70,Moderate
2026-02-27 17:13:13,0,0,0,0,101.92,0.51,70,Moderate
2026-02-27 17:13:14,0,0,0,0,100.32,0.45,70,Moderate
2026-02-27 17:13:14,0,0,0,0,98.12,0.46,70,Moderate
2026-02-27 17:13:15,0,0,0,0,97.96,0.44,70,Moderate
2026-02-27 17:13:15,0,0,0,0,97.38,0.41,70,Moderate
2026-02-27 17:13:16,0,0,0,0,97.27,0.38,70,Moderate
2026-02-27 17:13:16,0,0,0,0,98.56,0.29,70,Moderate
2026-02-27 17:13:17,0,0,0,0,98.99,0.30,70,Moderate
2026-02-27 17:13:17,0,0,0,0,98.77,0.09,70,Moderate
2026-02-27 17:13:17,0,0,0,0,96.00,0.03,70,Moderate
2026-02-27 17:13:18,0,0,0,0,100.64,0.05,70,Moderate
2026-02-27 17:13:18,0,0,0,0,103.12,0.29,70,Moderate
2026-02-27 17:13:19,0,0,0,0,102.59,0.22,70,Moderate
2026-02-27 17:13:19,0,0,0,0,103.46,0.85,70,Moderate
2026-02-27 17:13:20,0,0,0,0,104.59,1.78,70,Moderate
2026-02-27 17:13:20,0,0,0,0,104.80,2.01,70,Moderate
2026-02-27 17:13:21,0,0,0,0,105.00,2.17,70,Moderate
2026-02-27 17:13:21,0,0,0,0,105.04,2.04,70,Moderate
2026-02-27 17:13:22,0,0,0,0,104.19,1.46,70,Moderate
2026-02-27 17:13:22,0,0,0,0,103.61,1.34,70,Moderate
2026-02-27 17:13:23,0,0,0,0,118.94,2.53,70,Moderate
2026-02-27 17:13:23,0,0,0,0,130.97,1.72,70,Moderate
2026-02-27 17:13:24,0,0,0,0,124.60,7.84,60,Moderate
2026-02-27 17:13:24,0,0,0,0,109.11,5.81,60,Moderate
2026-02-27 17:13:25,0,1,0,0,107.05,0.01,75,Moderate
2026-02-27 17:13:25,0,1,0,0,133.72,14.51,65,Moderate
2026-02-27 17:13:26,0,0,0,0,55.94,0.00,60,Moderate
2026-02-27 17:13:26,0,0,0,0,84.90,0.00,70,Moderate
2026-02-27 17:13:27,0,0,0,0,91.03,0.00,70,Moderate
2026-02-27 17:13:27,0,0,0,0,94.21,0.00,70,Moderate
2026-02-27 17:13:28,0,0,0,0,84.09,0.00,70,Moderate
2026-02-27 17:13:28,0,0,0,0,97.93,0.00,70,Moderate
2026-02-27 17:13:29,0,0,0,0,103.63,0.00,70,Moderate
2026-02-27 17:13:29,0,0,0,0,104.57,0.00,70,Moderate
2026-02-27 17:13:30,0,0,0,0,104.81,0.00,70,Moderate
2026-02-27 17:13:30,0,0,0,0,104.71,0.00,70,Moderate
2026-02-27 17:13:30,0,0,0,0,104.76,0.00,70,Moderate
2026-02-27 17:13:31,0,0,0,0,104.55,0.00,70,Moderate
2026-02-27 17:13:31,0,0,0,0,104.39,0.00,70,Moderate
2026-02-27 17:13:32,0,0,0,0,101.36,0.00,70,Moderate
2026-02-27 17:13:32,0,0,0,0,100.73,0.00,70,Moderate
2026-02-27 17:13:33,0,0,0,0,108.40,0.00,70,Moderate
2026-02-27 17:13:33,0,0,0,0,106.90,0.00,70,Moderate
2026-02-27 17:13:33,0,0,0,0,106.17,0.00,70,Moderate
2026-02-27 17:13:34,0,0,0,0,106.01,0.00,70,Moderate
2026-02-27 17:13:34,0,0,0,0,106.01,0.00,70,Moderate
2026-02-27 17:13:35,0,0,0,0,105.94,0.00,70,Moderate
2026-02-27 17:13:35,0,0,0,0,106.13,0.00,70,Moderate
2026-02-27 17:13:36,0,0,0,0,106.21,0.00,70,Moderate
2026-02-27 17:13:36,0,0,0,0,106.58,0.00,70,Moderate
2026-02-27 17:13:36,0,0,0,0,106.47,0.00,70,Moderate
2026-02-27 17:13:37,0,0,0,0,106.52,0.00,70,Moderate
2026-02-27 17:13:37,0,0,0,0,106.29,0.00,70,Moderate
2026-02-27 17:13:38,0,0,0,0,106.35,0.00,70,Moderate
2026-02-27 17:13:38,0,0,0,0,106.20,0.00,70,Moderate
2026-02-27 17:13:39,0,0,0,0,106.29,0.00,70,Moderate
2026-02-27 17:13:39,0,0,0,0,106.20,0.00,70,Moderate
2026-02-27 17:13:39,0,0,0,0,106.28,0.00,70,Moderate
2026-02-27 17:13:40,0,0,0,0,106.14,0.00,70,Moderate
2026-02-27 17:13:40,0,0,0,0,106.13,0.00,70,Moderate
2026-02-27 17:13:41,0,0,0,0,106.24,0.00,70,Moderate
2026-02-27 17:13:41,0,0,0,0,106.15,0.00,70,Moderate
2026-02-27 17:13:42,0,0,0,0,106.22,0.00,70,Moderate
2026-02-27 17:13:42,0,0,0,0,106.08,0.00,70,Moderate
2026-02-27 17:13:42,0,0,0,0,106.22,0.00,70,Moderate
2026-02-27 17:13:43,0,0,0,0,106.20,0.00,70,Moderate
2026-02-27 17:13:43,0,0,0,0,106.08,0.00,70,Moderate
2026-02-27 17:13:44,0,0,0,0,106.17,0.00,70,Moderate
2026-02-27 17:13:44,0,0,0,0,106.06,0.00,70,Moderate
2026-02-27 17:13:44,0,0,0,0,106.15,0.00,70,Moderate
2026-02-27 17:13:45,0,0,0,0,106.06,0.00,70,Moderate
2026-02-27 17:13:45,0,0,0,0,106.15,0.00,70,Moderate
2026-02-27 17:13:46,0,0,0,0,106.16,0.00,70,Moderate
2026-02-27 17:13:46,0,0,0,0,106.06,0.00,70,Moderate
2026-02-27 17:13:47,0,0,0,0,106.14,0.00,70,Moderate
2026-02-27 17:13:47,0,0,0,0,106.15,0.00,70,Moderate
2026-02-27 17:13:47,0,0,0,0,106.03,0.00,70,Moderate
2026-02-27 17:13:48,0,0,0,0,106.03,0.00,70,Moderate
2026-02-27 17:13:48,0,0,0,0,106.13,0.00,70,Moderate
2026-02-27 17:13:49,0,0,0,0,106.04,0.00,70,Moderate
2026-02-27 17:13:49,0,0,0,0,106.05,0.00,70,Moderate
2026-02-27 17:13:50,0,0,0,0,106.17,0.00,70,Moderate
2026-02-27 17:13:50,0,0,0,0,106.06,0.00,70,Moderate
2026-02-27 17:13:51,0,0,0,0,106.14,0.00,70,Moderate
2026-02-27 17:13:51,0,0,0,0,106.04,0.00,70,Moderate
2026-02-27 17:13:51,0,0,0,0,106.07,0.00,70,Moderate
2026-02-27 17:13:52,0,0,0,0,105.96,0.00,70,Moderate
2026-02-27 17:13:52,0,0,0,0,106.05,0.00,70,Moderate
2026-02-27 17:13:53,0,0,0,0,105.94,0.00,70,Moderate
2026-02-27 17:13:53,0,0,0,0,106.05,0.00,70,Moderate
2026-02-27 17:13:54,0,0,0,0,105.93,0.00,70,Moderate
2026-02-27 17:13:54,0,0,0,0,105.95,0.00,70,Moderate
2026-02-27 17:13:54,0,0,0,0,105.91,0.00,70,Moderate
2026-02-27 17:13:55,0,0,0,0,105.76,0.00,70,Moderate
2026-02-27 17:13:55,0,0,0,0,105.87,0.00,70,Moderate
2026-02-27 17:13:56,0,0,0,0,105.79,0.00,70,Moderate
2026-02-27 17:13:56,0,0,0,0,105.97,0.00,70,Moderate
2026-02-27 17:13:57,0,0,0,0,105.93,0.00,70,Moderate
2026-02-27 17:13:57,0,0,0,0,106.01,0.00,70,Moderate
2026-02-27 17:13:57,0,0,0,0,105.91,0.00,70,Moderate
2026-02-27 17:13:58,0,0,0,0,105.98,0.00,70,Moderate
2026-02-27 17:13:58,0,0,0,0,105.88,0.00,70,Moderate
2026-02-27 17:13:59,0,0,0,0,106.01,0.00,70,Moderate
2026-02-27 17:13:59,0,0,0,0,105.96,0.00,70,Moderate
2026-02-27 17:14:00,0,0,0,0,105.88,0.00,70,Moderate
2026-02-27 17:14:00,0,0,0,0,106.01,0.00,70,Moderate
2026-02-27 17:14:00,0,0,0,0,105.92,0.00,70,Moderate
2026-02-27 17:14:01,0,0,0,0,105.93,0.00,70,Moderate
2026-02-27 17:14:01,0,0,0,0,106.03,0.00,70,Moderate
2026-02-27 17:14:02,0,0,0,0,105.94,0.00,70,Moderate
2026-02-27 17:14:02,0,0,0,0,106.06,0.00,70,Moderate
2026-02-27 17:14:03,0,0,0,0,105.93,0.00,70,Moderate
2026-02-27 17:14:03,0,0,0,0,106.01,0.00,70,Moderate
2026-02-27 17:14:03,0,0,0,0,105.89,0.00,70,Moderate
2026-02-27 17:14:04,0,0,0,0,106.00,0.00,70,Moderate
2026-02-27 17:14:04,0,0,0,0,106.00,0.00,70,Moderate
2026-02-27 17:14:05,0,0,0,0,105.88,0.00,70,Moderate
2026-02-27 17:14:05,0,0,0,0,105.99,0.00,70,Moderate
2026-02-27 17:14:05,0,0,0,0,105.88,0.00,70,Moderate
2026-02-27 17:14:06,0,0,0,0,105.99,0.00,70,Moderate
2026-02-27 17:14:06,0,0,0,0,105.99,0.00,70,Moderate
2026-02-27 17:14:07,0,0,0,0,105.92,0.00,70,Moderate
2026-02-27 17:14:07,0,0,0,0,105.88,0.00,70,Moderate
2026-02-27 17:14:08,0,0,0,0,105.99,0.00,70,Moderate
2026-02-27 17:14:08,0,0,0,0,105.89,0.00,70,Moderate
2026-02-27 17:14:08,0,0,0,0,106.00,0.00,70,Moderate
2026-02-27 17:14:09,0,0,0,0,106.02,0.00,70,Moderate
2026-02-27 17:14:09,0,0,0,0,106.01,0.00,70,Moderate
2026-02-27 17:14:10,0,0,0,0,105.90,0.00,70,Moderate
2026-02-27 17:14:10,0,0,0,0,106.03,0.00,70,Moderate
2026-02-27 17:14:11,0,0,0,0,106.04,0.00,70,Moderate
2026-02-27 17:14:11,0,0,0,0,105.95,0.00,70,Moderate
2026-02-27 17:14:11,0,0,0,0,106.03,0.00,70,Moderate
2026-02-27 17:14:12,0,0,0,0,102.74,0.00,70,Moderate
2026-02-27 17:14:12,0,0,0,0,103.93,0.00,70,Moderate
2026-02-27 17:14:13,0,0,0,0,103.72,0.00,70,Moderate
2026-02-27 17:14:13,0,0,0,0,103.75,0.00,70,Moderate
2026-02-27 17:14:14,0,0,0,0,103.69,0.00,70,Moderate
2026-02-27 17:14:14,0,0,0,0,103.62,0.00,70,Moderate
2026-02-27 17:14:14,0,0,0,0,103.71,0.00,70,Moderate
2026-02-27 17:14:15,0,0,0,0,247.18,84.00,60,Moderate
2026-02-27 17:14:15,0,0,0,0,217.54,52.62,60,Moderate
2026-02-27 17:14:16,0,0,0,0,198.88,0.52,70,Moderate
2026-02-27 17:14:16,0,0,0,0,198.73,0.55,70,Moderate
2026-02-27 17:14:16,0,0,0,0,174.72,0.00,70,Moderate
2026-02-27 17:14:17,0,0,0,0,157.59,0.00,70,Moderate
2026-02-27 17:14:17,0,0,0,0,151.77,0.00,70,Moderate
2026-02-27 17:14:18,0,0,0,0,151.34,0.00,70,Moderate
2026-02-27 17:14:18,0,0,0,0,151.25,0.00,70,Moderate
2026-02-27 17:14:19,0,0,0,0,150.97,0.00,70,Moderate
2026-02-27 17:14:19,0,0,0,0,151.11,0.00,70,Moderate
2026-02-27 17:14:20,0,0,0,0,150.88,0.00,70,Moderate
2026-02-27 17:14:20,0,0,0,0,150.94,0.00,70,Moderate
2026-02-27 17:14:20,0,0,0,0,150.92,0.00,70,Moderate
2026-02-27 17:14:21,0,0,0,0,151.08,0.00,70,Moderate
2026-02-27 17:14:21,0,0,0,0,150.85,0.00,70,Moderate
2026-02-27 17:14:22,0,0,0,0,151.03,0.00,70,Moderate
2026-02-27 17:14:22,0,0,0,0,150.75,0.00,70,Moderate
2026-02-27 17:14:22,0,0,0,0,150.89,0.00,70,Moderate
2026-02-27 17:14:23,0,0,0,0,150.83,0.00,70,Moderate
2026-02-27 17:14:23,0,0,0,0,150.78,0.00,70,Moderate
2026-02-27 17:14:24,0,0,0,0,150.74,0.00,70,Moderate
2026-02-27 17:14:24,0,0,0,0,150.55,0.00,70,Moderate
2026-02-27 17:14:25,0,0,0,0,150.71,0.00,70,Moderate
2026-02-27 17:14:25,0,0,0,0,150.53,0.00,70,Moderate
2026-02-27 17:14:26,0,0,0,0,150.71,0.00,70,Moderate
2026-02-27 17:14:26,0,0,0,0,150.49,0.00,70,Moderate
2026-02-27 17:14:26,0,0,0,0,150.62,0.00,70,Moderate
2026-02-27 17:14:27,0,0,0,0,150.46,0.00,70,Moderate
2026-02-27 17:14:27,0,0,0,0,150.57,0.00,70,Moderate
2026-02-27 17:14:28,0,0,0,0,150.38,0.00,70,Moderate
2026-02-27 17:14:28,0,0,0,0,150.52,0.00,70,Moderate
2026-02-27 17:14:29,0,0,0,0,149.99,0.00,70,Moderate
2026-02-27 17:14:29,0,0,0,0,150.06,0.00,70,Moderate
2026-02-27 17:14:30,0,0,0,0,149.97,0.00,70,Moderate
2026-02-27 17:14:30,0,0,0,0,150.03,0.00,70,Moderate
2026-02-27 17:14:30,0,0,0,0,149.95,0.00,70,Moderate
2026-02-27 17:14:31,0,0,0,0,150.00,0.00,70,Moderate
2026-02-27 17:14:31,0,0,0,0,149.91,0.00,70,Moderate
2026-02-27 17:14:32,0,0,0,0,150.01,0.00,70,Moderate
2026-02-27 17:14:32,0,0,0,0,149.89,0.00,70,Moderate
2026-02-27 17:14:33,0,0,0,0,150.00,0.00,70,Moderate
2026-02-27 17:14:33,0,0,0,0,149.83,0.00,70,Moderate
2026-02-27 17:14:33,0,0,0,0,149.85,0.00,70,Moderate
2026-02-27 17:14:34,0,0,0,0,149.94,0.00,70,Moderate
2026-02-27 17:14:34,0,0,0,0,149.86,0.00,70,Moderate
2026-02-27 17:14:35,0,0,0,0,149.96,0.00,70,Moderate
2026-02-27 17:14:35,0,0,0,0,149.85,0.00,70,Moderate
2026-02-27 17:14:35,0,0,0,0,149.94,0.00,70,Moderate
2026-02-27 17:14:36,0,0,0,0,149.90,0.00,70,Moderate
2026-02-27 17:14:36,0,0,0,0,149.97,0.00,70,Moderate
2026-02-27 17:14:37,0,0,0,0,149.97,0.00,70,Moderate
2026-02-27 17:14:37,0,0,0,0,149.87,0.00,70,Moderate
2026-02-27 17:14:38,0,0,0,0,149.96,0.00,70,Moderate
2026-02-27 17:14:38,0,0,0,0,149.92,0.00,70,Moderate
2026-02-27 17:14:39,0,0,0,0,149.86,0.00,70,Moderate
2026-02-27 17:14:39,0,0,0,0,149.93,0.00,70,Moderate
2026-02-27 17:14:39,0,0,0,0,149.81,0.00,70,Moderate
2026-02-27 17:14:40,0,0,0,0,149.89,0.00,70,Moderate
2026-02-27 17:14:40,0,0,0,0,149.83,0.00,70,Moderate
2026-02-27 17:14:41,0,0,0,0,149.89,0.00,70,Moderate
2026-02-27 17:14:41,0,0,0,0,149.81,0.00,70,Moderate
2026-02-27 17:14:42,0,0,0,0,149.88,0.00,70,Moderate
2026-02-27 17:14:42,0,0,0,0,149.82,0.00,70,Moderate
2026-02-27 17:14:42,0,0,0,0,149.83,0.00,70,Moderate
2026-02-27 17:14:43,0,0,0,0,149.90,0.00,70,Moderate
2026-02-27 17:14:43,0,0,0,0,149.81,0.00,70,Moderate
2026-02-27 17:14:44,0,0,0,0,149.89,0.00,70,Moderate
2026-02-27 17:14:44,0,0,0,0,149.79,0.00,70,Moderate
2026-02-27 17:14:44,0,0,0,0,149.90,0.00,70,Moderate
2026-02-27 17:14:45,0,0,0,0,149.83,0.00,70,Moderate
2026-02-27 17:14:45,0,0,0,0,149.86,0.00,70,Moderate
2026-02-27 17:14:46,0,0,0,0,149.90,0.00,70,Moderate
2026-02-27 17:14:46,0,0,0,0,149.84,0.00,70,Moderate
2026-02-27 17:14:47,0,0,0,0,149.92,0.00,70,Moderate
2026-02-27 17:14:47,0,0,0,0,149.87,0.00,70,Moderate
2026-02-27 17:14:47,0,0,0,0,149.91,0.00,70,Moderate
2026-02-27 17:14:48,0,0,0,0,149.81,0.00,70,Moderate
2026-02-27 17:14:48,0,0,0,0,149.88,0.00,70,Moderate
2026-02-27 17:14:49,0,0,0,0,149.80,0.00,70,Moderate
2026-02-27 17:14:49,0,0,0,0,149.91,0.00,70,Moderate
2026-02-27 17:14:50,0,0,0,0,149.90,0.00,70,Moderate
2026-02-27 17:14:50,0,0,0,0,141.33,0.00,70,Moderate
2026-02-27 17:14:51,0,0,0,0,144.40,0.00,70,Moderate
2026-02-27 17:14:51,0,0,0,0,144.41,0.00,70,Moderate
2026-02-27 17:14:51,0,0,0,0,144.58,0.00,70,Moderate
2026-02-27 17:14:52,0,0,0,0,144.44,0.00,70,Moderate
2026-02-27 17:14:52,0,0,0,0,144.59,0.00,70,Moderate
2026-02-27 17:14:53,0,0,0,0,144.47,0.00,70,Moderate
2026-02-27 17:14:53,0,0,0,0,144.64,0.00,70,Moderate
2026-02-27 17:14:54,0,0,0,0,144.46,0.00,70,Moderate
2026-02-27 17:14:54,0,0,0,0,143.43,0.00,70,Moderate
2026-02-27 17:14:55,0,0,0,0,140.43,0.00,70,Moderate
2026-02-27 17:14:55,0,0,0,0,141.24,0.00,70,Moderate
2026-02-27 17:14:55,0,0,0,0,141.01,0.00,70,Moderate
2026-02-27 17:14:56,0,0,0,0,141.11,0.00,70,Moderate
2026-02-27 17:14:56,0,0,0,0,140.90,0.00,70,Moderate
2026-02-27 17:14:57,0,0,0,0,141.03,0.00,70,Moderate
2026-02-27 17:14:57,0,0,0,0,141.00,0.00,70,Moderate
2026-02-27 17:14:57,0,0,0,0,130.14,0.00,70,Moderate
2026-02-27 17:14:58,0,0,0,0,134.45,0.00,70,Moderate
2026-02-27 17:14:58,0,0,0,0,135.52,0.00,70,Moderate
2026-02-27 17:14:59,0,0,0,0,135.48,0.00,70,Moderate
2026-02-27 17:14:59,0,0,0,0,135.60,0.00,70,Moderate
2026-02-27 17:15:00,0,0,0,0,135.60,0.00,70,Moderate
2026-02-27 17:15:00,0,0,0,0,135.56,0.00,70,Moderate
2026-02-27 17:15:01,0,0,0,0,135.43,0.00,70,Moderate
2026-02-27 17:15:01,0,0,0,0,135.57,0.00,70,Moderate
2026-02-27 17:15:01,0,0,0,0,135.35,0.00,70,Moderate
2026-02-27 17:15:02,0,0,0,0,135.53,0.00,70,Moderate
2026-02-27 17:15:02,0,0,0,0,135.32,0.00,70,Moderate
2026-02-27 17:15:03,0,0,0,0,135.29,0.00,70,Moderate
2026-02-27 17:15:03,0,0,0,0,135.37,0.00,70,Moderate
2026-02-27 17:15:04,0,0,0,0,135.13,0.00,70,Moderate
2026-02-27 17:15:04,0,0,0,0,135.33,0.00,70,Moderate
2026-02-27 17:15:04,0,0,0,0,135.09,0.00,70,Moderate
2026-02-27 17:15:05,0,0,0,0,135.31,0.00,70,Moderate
2026-02-27 17:15:05,0,0,0,0,135.12,0.00,70,Moderate
2026-02-27 17:15:06,0,0,0,0,135.26,0.00,70,Moderate
2026-02-27 17:15:06,0,0,0,0,135.12,0.00,70,Moderate
2026-02-27 17:15:06,0,0,0,0,135.13,0.00,70,Moderate
2026-02-27 17:15:07,0,0,0,0,135.18,0.00,70,Moderate
2026-02-27 17:15:07,0,0,0,0,135.06,0.00,70,Moderate
2026-02-27 17:15:08,0,0,0,0,135.17,0.00,70,Moderate
2026-02-27 17:15:08,0,0,0,0,135.05,0.00,70,Moderate
2026-02-27 17:15:09,0,0,0,0,135.18,0.00,70,Moderate
2026-02-27 17:15:09,0,0,0,0,134.88,0.00,70,Moderate
2026-02-27 17:15:09,0,0,0,0,134.94,0.00,70,Moderate
2026-02-27 17:15:10,0,0,0,0,134.84,0.00,70,Moderate
2026-02-27 17:15:10,0,0,0,0,134.86,0.00,70,Moderate
2026-02-27 17:15:11,0,0,0,0,134.75,0.00,70,Moderate
2026-02-27 17:15:11,0,0,0,0,134.69,0.00,70,Moderate
2026-02-27 17:15:12,0,0,0,0,134.72,0.00,70,Moderate
2026-02-27 17:15:12,0,0,0,0,134.84,0.00,70,Moderate
2026-02-27 17:15:12,0,0,0,0,134.78,0.00,70,Moderate
2026-02-27 17:15:13,0,0,0,0,134.85,0.00,70,Moderate
2026-02-27 17:15:13,0,0,0,0,134.69,0.00,70,Moderate
2026-02-27 17:15:14,0,0,0,0,134.71,0.00,70,Moderate
2026-02-27 17:15:14,0,0,0,0,134.68,0.00,70,Moderate
2026-02-27 17:15:15,0,0,0,0,134.69,0.00,70,Moderate
2026-02-27 17:15:15,0,0,0,0,134.78,0.00,70,Moderate
2026-02-27 17:15:15,0,0,0,0,132.42,0.00,70,Moderate
2026-02-27 17:15:16,0,0,0,0,137.54,0.00,70,Moderate
2026-02-27 17:15:16,0,0,0,0,137.33,0.00,70,Moderate
2026-02-27 17:15:17,0,0,0,0,137.50,0.00,70,Moderate
2026-02-27 17:15:17,0,0,0,0,137.34,0.00,70,Moderate
2026-02-27 17:15:18,0,0,0,0,137.44,0.00,70,Moderate
2026-02-27 17:15:18,0,0,0,0,137.63,0.00,70,Moderate
2026-02-27 17:15:18,0,0,0,0,137.48,0.00,70,Moderate
2026-02-27 17:15:19,0,0,0,0,137.57,0.00,70,Moderate
2026-02-27 17:15:19,0,0,0,0,137.44,0.00,70,Moderate
2026-02-27 17:15:20,0,0,0,0,137.42,0.00,70,Moderate
2026-02-27 17:15:20,0,0,0,0,137.32,0.00,70,Moderate
2026-02-27 17:15:21,0,0,1,0,97.53,0.00,55,Moderate
2026-02-27 17:15:21,0,0,1,0,102.70,0.00,55,Moderate
2026-02-27 17:15:21,0,0,1,0,104.88,0.00,55,Moderate
2026-02-27 17:15:22,0,0,1,0,108.69,0.00,55,Moderate
2026-02-27 17:15:22,0,0,0,0,105.96,0.00,70,Moderate
2026-02-27 17:15:23,0,0,1,0,105.93,0.00,55,Moderate
2026-02-27 17:15:23,0,0,0,0,106.92,0.00,70,Moderate
2026-02-27 17:15:24,0,0,1,0,108.01,0.00,55,Moderate
2026-02-27 17:15:24,0,0,0,0,108.02,0.00,70,Moderate
2026-02-27 17:15:25,0,0,1,0,106.74,0.00,55,Moderate
2026-02-27 17:15:25,0,0,1,0,107.18,0.00,55,Moderate
2026-02-27 17:15:26,0,0,1,0,107.15,0.00,55,Moderate
2026-02-27 17:15:26,0,0,1,0,107.14,0.00,55,Moderate
2026-02-27 17:15:27,0,0,1,0,107.31,0.00,55,Moderate
2026-02-27 17:15:27,0,0,1,0,107.28,0.00,55,Moderate
2026-02-27 17:15:28,0,0,1,0,107.28,0.00,55,Moderate
2026-02-27 17:15:28,0,0,1,0,107.12,0.00,55,Moderate
2026-02-27 17:15:28,0,0,1,0,107.24,0.00,55,Moderate
2026-02-27 17:15:29,0,0,1,0,107.10,0.00,55,Moderate
2026-02-27 17:15:29,0,0,1,0,107.11,0.00,55,Moderate
2026-02-27 17:15:30,0,0,1,0,107.30,0.00,55,Moderate
2026-02-27 17:15:30,0,0,1,0,107.11,0.00,55,Moderate
2026-02-27 17:15:31,0,0,1,0,107.24,0.00,55,Moderate
2026-02-27 17:15:31,0,0,1,0,107.15,0.00,55,Moderate
2026-02-27 17:15:32,0,0,1,0,107.10,0.00,55,Moderate
2026-02-27 17:15:32,0,0,1,0,107.01,0.00,55,Moderate
2026-02-27 17:15:32,0,0,1,0,107.07,0.00,55,Moderate
2026-02-27 17:15:33,0,0,1,0,107.00,0.00,55,Moderate
2026-02-27 17:15:33,0,0,1,0,107.08,0.00,55,Moderate
2026-02-27 17:15:34,0,0,1,0,107.09,0.00,55,Moderate
2026-02-27 17:15:34,0,0,1,0,107.21,0.00,55,Moderate
2026-02-27 17:15:35,0,0,1,0,107.33,0.00,55,Moderate
2026-02-27 17:15:35,0,0,1,0,107.84,0.00,55,Moderate
2026-02-27 17:15:35,0,0,1,0,108.29,0.00,55,Moderate
2026-02-27 17:15:36,0,0,1,0,108.19,0.00,55,Moderate
2026-02-27 17:15:36,0,0,1,0,107.76,0.00,55,Moderate
2026-02-27 17:15:37,0,0,1,0,107.35,0.00,55,Moderate
2026-02-27 17:15:37,0,0,1,0,107.23,0.00,55,Moderate
2026-02-27 17:15:37,0,0,1,0,107.10,0.00,55,Moderate
2026-02-27 17:15:38,0,0,1,0,107.16,0.00,55,Moderate
2026-02-27 17:15:38,0,0,1,0,107.08,0.00,55,Moderate
2026-02-27 17:15:39,0,0,1,0,107.18,0.00,55,Moderate
2026-02-27 17:15:39,0,0,1,0,107.20,0.00,55,Moderate
2026-02-27 17:15:40,0,0,1,0,107.27,0.00,55,Moderate
2026-02-27 17:15:40,0,0,1,0,107.34,0.00,55,Moderate
2026-02-27 17:15:41,0,0,1,0,107.49,0.00,55,Moderate
2026-02-27 17:15:41,0,0,1,0,107.38,0.00,55,Moderate
2026-02-27 17:15:41,0,0,1,0,107.49,0.00,55,Moderate
2026-02-27 17:15:42,0,0,1,0,107.44,0.00,55,Moderate
2026-02-27 17:15:42,0,0,1,0,107.27,0.00,55,Moderate
2026-02-27 17:15:43,0,0,1,0,107.25,0.00,55,Moderate
2026-02-27 17:15:43,0,0,1,0,107.27,0.00,55,Moderate
2026-02-27 17:15:44,0,0,1,0,107.19,0.00,55,Moderate
2026-02-27 17:15:44,0,0,1,0,107.26,0.00,55,Moderate
2026-02-27 17:15:44,0,0,1,0,107.21,0.00,55,Moderate
2026-02-27 17:15:45,0,0,1,0,107.28,0.00,55,Moderate
2026-02-27 17:15:45,0,0,1,0,107.18,0.00,55,Moderate
2026-02-27 17:15:46,0,0,1,0,107.19,0.00,55,Moderate
2026-02-27 17:15:46,0,0,1,0,107.26,0.00,55,Moderate
2026-02-27 17:15:47,0,0,1,0,107.14,0.00,55,Moderate
2026-02-27 17:15:47,0,0,1,0,107.22,0.00,55,Moderate
2026-02-27 17:15:47,0,0,1,0,107.11,0.00,55,Moderate
2026-02-27 17:15:48,0,0,1,0,107.20,0.00,55,Moderate
2026-02-27 17:15:48,0,0,1,0,107.14,0.00,55,Moderate
2026-02-27 17:15:49,0,0,1,0,107.21,0.00,55,Moderate
2026-02-27 17:15:49,0,0,1,0,107.20,0.00,55,Moderate
2026-02-27 17:15:50,0,0,1,0,107.11,0.00,55,Moderate
2026-02-27 17:15:50,0,0,1,0,107.11,0.00,55,Moderate
2026-02-27 17:15:50,0,0,1,0,107.20,0.00,55,Moderate
2026-02-27 17:15:51,0,0,1,0,107.11,0.00,55,Moderate
2026-02-27 17:15:51,0,0,1,0,107.19,0.00,55,Moderate
2026-02-27 17:15:52,0,0,1,0,107.11,0.00,55,Moderate
2026-02-27 17:15:52,0,0,1,0,107.24,0.00,55,Moderate
2026-02-27 17:15:53,0,0,1,0,107.17,0.00,55,Moderate
2026-02-27 17:15:53,0,0,1,0,107.24,0.00,55,Moderate
2026-02-27 17:15:53,0,0,1,0,107.16,0.00,55,Moderate
2026-02-27 17:15:54,0,0,1,0,107.26,0.00,55,Moderate
2026-02-27 17:15:54,0,0,1,0,107.18,0.00,55,Moderate
2026-02-27 17:15:55,0,0,1,0,107.30,0.00,55,Moderate
2026-02-27 17:15:55,0,0,1,0,107.21,0.00,55,Moderate
2026-02-27 17:15:56,0,0,1,0,107.32,0.00,55,Moderate
2026-02-27 17:15:56,0,0,1,0,107.23,0.00,55,Moderate
2026-02-27 17:15:56,0,0,1,0,107.32,0.00,55,Moderate
2026-02-27 17:15:57,0,0,1,0,107.21,0.00,55,Moderate
2026-02-27 17:15:57,0,0,1,0,107.19,0.00,55,Moderate
2026-02-27 17:15:58,0,0,1,0,107.25,0.00,55,Moderate
2026-02-27 17:15:58,0,0,1,0,107.14,0.00,55,Moderate
2026-02-27 17:15:59,0,0,1,0,107.21,0.00,55,Moderate
2026-02-27 17:15:59,0,0,1,0,107.11,0.00,55,Moderate
2026-02-27 17:15:59,0,0,1,0,107.20,0.00,55,Moderate
2026-02-27 17:16:00,0,0,1,0,107.21,0.00,55,Moderate
2026-02-27 17:16:00,0,0,1,0,107.22,0.00,55,Moderate
2026-02-27 17:16:01,0,0,1,0,107.15,0.00,55,Moderate
2026-02-27 17:16:01,0,0,1,0,107.22,0.00,55,Moderate
2026-02-27 17:16:02,0,0,1,0,107.12,0.00,55,Moderate
2026-02-27 17:16:02,0,0,1,0,107.22,0.00,55,Moderate
2026-02-27 17:16:02,0,0,1,0,107.12,0.00,55,Moderate
2026-02-27 17:16:03,0,0,1,0,107.22,0.00,55,Moderate
2026-02-27 17:16:03,0,0,1,0,107.13,0.00,55,Moderate
2026-02-27 17:16:04,0,0,1,0,107.22,0.00,55,Moderate
2026-02-27 17:16:04,0,0,1,0,107.15,0.00,55,Moderate
2026-02-27 17:16:05,0,0,1,0,107.22,0.00,55,Moderate
2026-02-27 17:16:05,0,0,1,0,107.15,0.00,55,Moderate
2026-02-27 17:16:05,0,0,1,0,107.21,0.00,55,Moderate
2026-02-27 17:16:06,0,0,1,0,107.16,0.00,55,Moderate
2026-02-27 17:16:06,0,0,1,0,107.35,0.00,55,Moderate
2026-02-27 17:16:07,0,0,1,0,107.27,0.00,55,Moderate
2026-02-27 17:16:07,0,0,1,0,107.28,0.00,55,Moderate
2026-02-27 17:16:08,0,0,1,0,107.38,0.00,55,Moderate
2026-02-27 17:16:08,0,0,1,0,107.30,0.00,55,Moderate
2026-02-27 17:16:08,0,0,1,0,107.40,0.00,55,Moderate
2026-02-27 17:16:09,0,0,1,0,107.29,0.00,55,Moderate
2026-02-27 17:16:09,0,0,1,0,107.39,0.00,55,Moderate
2026-02-27 17:16:10,0,0,1,0,107.28,0.00,55,Moderate
2026-02-27 17:16:10,0,0,1,0,107.36,0.00,55,Moderate
2026-02-27 17:16:11,0,0,1,0,107.28,0.00,55,Moderate
2026-02-27 17:16:11,0,0,1,0,107.36,0.00,55,Moderate
2026-02-27 17:16:11,0,0,1,0,107.27,0.00,55,Moderate
2026-02-27 17:16:12,0,0,1,0,107.33,0.00,55,Moderate
2026-02-27 17:16:12,0,0,1,0,107.24,0.00,55,Moderate
2026-02-27 17:16:13,0,0,1,0,107.33,0.00,55,Moderate
2026-02-27 17:16:13,0,0,1,0,107.24,0.00,55,Moderate
2026-02-27 17:16:14,0,0,1,0,107.33,0.00,55,Moderate
2026-02-27 17:16:14,0,0,1,0,107.23,0.00,55,Moderate
2026-02-27 17:16:14,0,0,1,0,107.32,0.00,55,Moderate
2026-02-27 17:16:15,0,0,1,0,107.22,0.00,55,Moderate
2026-02-27 17:16:15,0,0,1,0,107.29,0.00,55,Moderate
2026-02-27 17:16:16,0,0,1,0,107.23,0.00,55,Moderate
2026-02-27 17:16:16,0,0,1,0,107.32,0.00,55,Moderate
2026-02-27 17:16:17,0,0,1,0,107.23,0.00,55,Moderate
2026-02-27 17:16:17,0,0,1,0,107.33,0.00,55,Moderate
2026-02-27 17:16:17,0,0,1,0,107.27,0.00,55,Moderate
2026-02-27 17:16:18,0,0,1,0,107.29,0.00,55,Moderate
2026-02-27 17:16:18,0,0,1,0,107.37,0.00,55,Moderate
2026-02-27 17:16:19,0,0,1,0,107.34,0.00,55,Moderate
2026-02-27 17:16:19,0,0,1,0,107.51,0.00,55,Moderate
2026-02-27 17:16:20,0,0,1,0,107.49,0.00,55,Moderate
2026-02-27 17:16:20,0,0,1,0,107.68,0.00,55,Moderate
2026-02-27 17:16:20,0,0,1,0,107.64,0.00,55,Moderate
2026-02-27 17:16:21,0,0,1,0,107.65,0.00,55,Moderate
2026-02-27 17:16:21,0,0,1,0,107.68,0.00,55,Moderate
2026-02-27 17:16:22,0,0,1,0,107.46,0.00,55,Moderate
2026-02-27 17:16:22,0,0,1,0,107.31,0.00,55,Moderate
2026-02-27 17:16:23,0,0,1,0,107.33,0.00,55,Moderate
2026-02-27 17:16:23,0,0,1,0,107.34,0.00,55,Moderate
2026-02-27 17:16:24,0,0,1,0,107.26,0.00,55,Moderate
2026-02-27 17:16:24,0,0,1,0,107.35,0.00,55,Moderate
2026-02-27 17:16:24,0,0,1,0,107.26,0.00,55,Moderate
2026-02-27 17:16:25,0,0,1,0,107.31,0.00,55,Moderate
2026-02-27 17:16:25,0,0,1,0,107.23,0.00,55,Moderate
2026-02-27 17:16:26,0,0,1,0,107.27,0.00,55,Moderate
2026-02-27 17:16:26,0,0,1,0,107.22,0.00,55,Moderate
2026-02-27 17:16:27,0,0,1,0,107.31,0.00,55,Moderate
2026-02-27 17:16:27,0,0,1,0,107.19,0.00,55,Moderate
2026-02-27 17:16:27,0,0,1,0,107.30,0.00,55,Moderate
2026-02-27 17:16:28,0,0,1,0,107.32,0.00,55,Moderate
2026-02-27 17:16:28,0,0,1,0,107.20,0.00,55,Moderate
2026-02-27 17:16:29,0,0,1,0,107.30,0.00,55,Moderate
2026-02-27 17:16:29,0,0,1,0,107.25,0.00,55,Moderate
2026-02-27 17:16:30,0,0,1,0,107.48,0.00,55,Moderate
2026-02-27 17:16:30,0,0,1,0,107.57,0.00,55,Moderate
2026-02-27 17:16:30,0,0,1,0,107.80,0.00,55,Moderate
2026-02-27 17:16:31,0,0,1,0,107.69,0.00,55,Moderate
2026-02-27 17:16:31,0,0,1,0,107.38,0.00,55,Moderate
2026-02-27 17:16:32,0,0,1,0,107.36,0.00,55,Moderate
2026-02-27 17:16:32,0,0,1,0,107.23,0.00,55,Moderate
2026-02-27 17:16:33,0,0,1,0,107.33,0.00,55,Moderate
2026-02-27 17:16:33,0,0,1,0,107.26,0.00,55,Moderate
2026-02-27 17:16:34,0,0,1,0,107.35,0.00,55,Moderate
2026-02-27 17:16:34,0,0,1,0,107.28,0.00,55,Moderate
2026-02-27 17:16:34,0,0,1,0,107.36,0.00,55,Moderate
2026-02-27 17:16:35,0,0,1,0,107.32,0.00,55,Moderate
2026-02-27 17:16:35,0,0,1,0,107.46,0.00,55,Moderate
2026-02-27 17:16:36,0,0,1,0,107.44,0.00,55,Moderate
2026-02-27 17:16:36,0,0,1,0,107.49,0.00,55,Moderate
2026-02-27 17:16:37,0,0,1,0,107.41,0.00,55,Moderate
2026-02-27 17:16:37,0,0,1,0,107.33,0.00,55,Moderate
2026-02-27 17:16:37,0,0,1,0,107.38,0.00,55,Moderate
2026-02-27 17:16:38,0,0,1,0,107.27,0.00,55,Moderate
2026-02-27 17:16:38,0,0,1,0,107.37,0.00,55,Moderate
2026-02-27 17:16:39,0,0,1,0,107.28,0.00,55,Moderate
2026-02-27 17:16:39,0,0,1,0,107.28,0.00,55,Moderate
2026-02-27 17:16:39,0,0,1,0,107.38,0.00,55,Moderate
2026-02-27 17:16:40,0,0,1,0,107.25,0.00,55,Moderate
2026-02-27 17:16:40,0,0,1,0,107.37,0.00,55,Moderate
2026-02-27 17:16:41,0,0,1,0,107.28,0.00,55,Moderate
2026-02-27 17:16:41,0,0,1,0,107.37,0.00,55,Moderate
2026-02-27 17:16:42,0,0,1,0,107.31,0.00,55,Moderate
2026-02-27 17:16:42,0,0,1,0,107.37,0.00,55,Moderate
2026-02-27 17:16:42,0,0,1,0,107.31,0.00,55,Moderate
2026-02-27 17:16:43,0,0,1,0,107.40,0.00,55,Moderate
2026-02-27 17:16:43,0,0,1,0,107.33,0.00,55,Moderate
2026-02-27 17:16:44,0,0,1,0,107.29,0.00,55,Moderate
2026-02-27 17:16:44,0,0,1,0,107.36,0.00,55,Moderate
2026-02-27 17:16:45,0,0,1,0,107.40,0.00,55,Moderate
2026-02-27 17:16:45,0,0,1,0,107.29,0.00,55,Moderate
2026-02-27 17:16:45,0,0,1,0,107.37,0.00,55,Moderate
2026-02-27 17:16:46,0,0,1,0,107.29,0.00,55,Moderate
2026-02-27 17:16:46,0,0,1,0,107.37,0.00,55,Moderate
2026-02-27 17:16:47,0,0,1,0,107.30,0.00,55,Moderate
2026-02-27 17:16:47,0,0,1,0,107.38,0.00,55,Moderate
2026-02-27 17:16:48,0,0,1,0,107.39,0.00,55,Moderate
2026-02-27 17:16:48,0,0,1,0,107.32,0.00,55,Moderate
2026-02-27 17:16:48,0,0,1,0,107.37,0.00,55,Moderate
2026-02-27 17:16:49,0,0,1,0,107.29,0.00,55,Moderate
2026-02-27 17:16:49,0,0,1,0,107.33,0.00,55,Moderate
2026-02-27 17:16:50,0,0,1,0,107.26,0.00,55,Moderate
2026-02-27 17:16:50,0,0,1,0,107.36,0.00,55,Moderate
2026-02-27 17:16:51,0,0,1,0,107.27,0.00,55,Moderate
2026-02-27 17:16:51,0,0,1,0,107.37,0.00,55,Moderate
2026-02-27 17:16:52,0,0,1,0,107.35,0.00,55,Moderate
2026-02-27 17:16:52,0,0,1,0,107.40,0.00,55,Moderate
2026-02-27 17:16:53,0,0,1,0,107.29,0.00,55,Moderate
2026-02-27 17:16:53,0,0,1,0,107.41,0.00,55,Moderate
2026-02-27 17:16:53,0,0,1,0,107.31,0.00,55,Moderate
2026-02-27 17:16:54,0,0,1,0,107.31,0.00,55,Moderate
2026-02-27 17:16:54,0,0,1,0,107.38,0.00,55,Moderate
2026-02-27 17:16:55,0,0,1,0,107.30,0.00,55,Moderate
2026-02-27 17:16:55,0,0,1,0,107.39,0.00,55,Moderate
2026-02-27 17:16:56,0,0,1,0,107.28,0.00,55,Moderate
2026-02-27 17:16:56,0,0,1,0,107.38,0.00,55,Moderate
2026-02-27 17:16:57,0,0,1,0,107.30,0.00,55,Moderate
2026-02-27 17:16:57,0,0,1,0,107.31,0.00,55,Moderate
2026-02-27 17:16:58,0,0,1,0,107.33,0.00,55,Moderate
2026-02-27 17:16:58,0,0,1,0,107.39,0.00,55,Moderate
2026-02-27 17:16:58,0,0,1,0,107.32,0.00,55,Moderate
2026-02-27 17:16:59,0,0,1,0,107.39,0.00,55,Moderate
2026-02-27 17:16:59,0,0,1,0,107.29,0.00,55,Moderate
2026-02-27 17:17:00,0,0,1,0,107.39,0.00,55,Moderate
2026-02-27 17:17:00,0,0,1,0,107.29,0.00,55,Moderate
2026-02-27 17:17:01,0,0,1,0,107.40,0.00,55,Moderate
2026-02-27 17:17:01,0,0,1,0,107.34,0.00,55,Moderate
2026-02-27 17:17:01,0,0,1,0,107.43,0.00,55,Moderate
2026-02-27 17:17:02,0,0,1,0,107.35,0.00,55,Moderate
2026-02-27 17:17:02,0,0,1,0,107.41,0.00,55,Moderate
2026-02-27 17:17:03,0,0,1,0,107.33,0.00,55,Moderate
2026-02-27 17:17:03,0,0,1,0,107.40,0.00,55,Moderate
2026-02-27 17:17:04,0,0,1,0,107.40,0.00,55,Moderate
2026-02-27 17:17:04,0,0,1,0,107.40,0.00,55,Moderate
2026-02-27 17:17:05,0,0,1,0,107.29,0.00,55,Moderate
2026-02-27 17:17:05,0,0,1,0,107.39,0.00,55,Moderate
2026-02-27 17:17:05,0,0,1,0,107.28,0.00,55,Moderate
2026-02-27 17:17:06,0,0,1,0,107.38,0.00,55,Moderate
2026-02-27 17:17:06,0,0,1,0,107.29,0.00,55,Moderate
2026-02-27 17:17:07,0,0,1,0,107.38,0.00,55,Moderate
2026-02-27 17:17:07,0,0,1,0,107.27,0.00,55,Moderate
2026-02-27 17:17:07,0,0,1,0,107.22,0.00,55,Moderate
2026-02-27 17:17:08,0,0,1,0,107.28,0.00,55,Moderate
2026-02-27 17:17:08,0,0,1,0,107.23,0.00,55,Moderate
2026-02-27 17:17:09,0,0,1,0,107.31,0.00,55,Moderate
2026-02-27 17:17:09,0,0,1,0,107.24,0.00,55,Moderate
2026-02-27 17:17:10,0,0,1,0,107.22,0.00,55,Moderate
2026-02-27 17:17:10,0,0,1,0,107.38,0.00,55,Moderate
2026-02-27 17:17:10,0,0,1,0,107.70,0.00,55,Moderate
2026-02-27 17:17:11,0,0,1,0,108.55,0.00,55,Moderate
2026-02-27 17:17:11,0,0,1,0,108.65,0.00,55,Moderate
2026-02-27 17:17:12,0,0,1,0,108.09,0.00,55,Moderate
2026-02-27 17:17:12,0,0,1,0,107.90,0.00,55,Moderate
2026-02-27 17:17:13,0,0,1,0,107.62,0.00,55,Moderate
2026-02-27 17:17:13,0,0,1,0,107.37,0.00,55,Moderate
2026-02-27 17:17:13,0,0,1,0,107.42,0.00,55,Moderate
2026-02-27 17:17:14,0,0,1,0,107.26,0.00,55,Moderate
2026-02-27 17:17:14,0,0,1,0,105.85,0.00,55,Moderate
2026-02-27 17:17:15,0,0,1,0,107.25,0.00,55,Moderate
2026-02-27 17:17:15,0,0,1,0,107.43,0.00,55,Moderate
2026-02-27 17:17:16,0,0,1,0,107.60,0.00,55,Moderate
2026-02-27 17:17:16,0,0,1,0,107.67,0.00,55,Moderate
2026-02-27 17:17:16,0,0,1,0,107.52,0.00,55,Moderate
2026-02-27 17:17:17,0,0,1,0,107.62,0.00,55,Moderate
2026-02-27 17:17:17,0,0,1,0,107.61,0.00,55,Moderate
2026-02-27 17:17:18,0,0,1,0,107.78,0.00,55,Moderate
2026-02-27 17:17:18,0,0,1,0,107.62,0.00,55,Moderate
2026-02-27 17:17:19,0,0,1,0,107.79,0.00,55,Moderate
2026-02-27 17:17:19,0,0,1,0,107.70,0.00,55,Moderate
2026-02-27 17:17:20,0,0,1,0,107.71,0.00,55,Moderate
2026-02-27 17:17:20,0,0,1,0,107.70,0.00,55,Moderate
2026-02-27 17:17:21,0,0,1,0,107.81,0.00,55,Moderate
2026-02-27 17:17:21,0,0,1,0,107.59,0.00,55,Moderate
2026-02-27 17:17:21,0,0,1,0,107.63,0.00,55,Moderate
2026-02-27 17:17:22,0,0,1,0,107.65,0.00,55,Moderate
2026-02-27 17:17:22,0,0,1,0,107.53,0.00,55,Moderate
2026-02-27 17:17:23,0,0,1,0,107.64,0.00,55,Moderate
2026-02-27 17:17:23,0,0,1,0,107.64,0.00,55,Moderate
2026-02-27 17:17:24,0,0,1,0,107.54,0.00,55,Moderate
2026-02-27 17:17:24,0,0,1,0,107.61,0.00,55,Moderate
2026-02-27 17:17:25,0,0,1,0,107.53,0.00,55,Moderate
2026-02-27 17:17:25,0,0,1,0,107.53,0.00,55,Moderate
2026-02-27 17:17:25,0,0,1,0,107.60,0.00,55,Moderate
2026-02-27 17:17:26,0,0,1,0,107.51,0.00,55,Moderate
2026-02-27 17:17:26,0,0,1,0,107.53,0.00,55,Moderate
2026-02-27 17:17:27,0,0,1,0,107.51,0.00,55,Moderate
2026-02-27 17:17:27,0,0,1,0,107.61,0.00,55,Moderate
2026-02-27 17:17:27,0,0,1,0,107.62,0.00,55,Moderate
2026-02-27 17:17:28,0,0,1,0,107.52,0.00,55,Moderate
2026-02-27 17:17:28,0,0,1,0,107.61,0.00,55,Moderate
2026-02-27 17:17:29,0,0,1,0,107.51,0.00,55,Moderate
2026-02-27 17:17:29,0,0,1,0,107.60,0.00,55,Moderate
2026-02-27 17:17:30,0,0,1,0,107.54,0.00,55,Moderate
2026-02-27 17:17:30,0,0,1,0,107.54,0.00,55,Moderate
2026-02-27 17:17:30,0,0,1,0,107.61,0.00,55,Moderate
2026-02-27 17:17:31,0,0,1,0,107.51,0.00,55,Moderate
2026-02-27 17:17:31,0,0,1,0,107.61,0.00,55,Moderate
2026-02-27 17:17:32,0,0,1,0,107.54,0.00,55,Moderate
2026-02-27 17:17:32,0,0,1,0,107.60,0.00,55,Moderate
2026-02-27 17:17:33,0,0,1,0,107.53,0.00,55,Moderate
2026-02-27 17:17:33,0,0,1,0,107.60,0.00,55,Moderate
2026-02-27 17:17:33,0,0,1,0,107.49,0.00,55,Moderate
2026-02-27 17:17:34,0,0,1,0,107.65,0.00,55,Moderate
2026-02-27 17:17:34,0,0,1,0,107.53,0.00,55,Moderate
2026-02-27 17:17:35,0,0,1,0,107.65,0.00,55,Moderate
2026-02-27 17:17:35,0,0,1,0,107.54,0.00,55,Moderate
2026-02-27 17:17:36,0,0,1,0,107.64,0.00,55,Moderate
2026-02-27 17:17:36,0,0,1,0,109.59,0.00,55,Moderate
2026-02-27 17:17:36,0,0,1,0,108.83,0.00,55,Moderate
2026-02-27 17:17:37,0,0,1,0,108.73,0.00,55,Moderate
2026-02-27 17:17:37,0,0,1,0,109.25,0.00,55,Moderate
2026-02-27 17:17:38,0,0,1,0,108.15,0.00,55,Moderate
2026-02-27 17:17:38,0,0,1,0,108.20,0.00,55,Moderate
2026-02-27 17:17:39,0,0,1,0,108.06,0.00,55,Moderate
2026-02-27 17:17:39,0,0,1,0,108.04,0.00,55,Moderate
2026-02-27 17:17:40,0,0,1,0,108.26,0.00,55,Moderate
2026-02-27 17:17:40,0,0,1,0,108.12,0.00,55,Moderate
2026-02-27 17:17:41,0,0,1,0,108.07,0.00,55,Moderate
2026-02-27 17:17:41,0,0,1,0,108.14,0.00,55,Moderate
2026-02-27 17:17:41,0,0,1,0,107.98,0.00,55,Moderate
2026-02-27 17:17:42,0,0,1,0,108.11,0.00,55,Moderate
2026-02-27 17:17:42,0,0,1,0,108.00,0.00,55,Moderate
2026-02-27 17:17:43,0,0,1,0,108.04,0.00,55,Moderate
2026-02-27 17:17:43,0,0,1,0,107.92,0.00,55,Moderate
2026-02-27 17:17:44,0,0,1,0,107.97,0.00,55,Moderate
2026-02-27 17:17:44,0,0,1,0,107.87,0.00,55,Moderate
2026-02-27 17:17:44,0,0,1,0,107.94,0.00,55,Moderate
2026-02-27 17:17:45,0,0,1,0,107.79,0.00,55,Moderate
2026-02-27 17:17:45,0,0,1,0,107.81,0.00,55,Moderate
2026-02-27 17:17:46,0,0,1,0,107.81,0.00,55,Moderate
2026-02-27 17:17:46,0,0,1,0,107.89,0.00,55,Moderate
2026-02-27 17:17:47,0,0,1,0,107.82,0.00,55,Moderate
2026-02-27 17:17:47,0,0,1,0,107.90,0.00,55,Moderate
2026-02-27 17:17:47,0,0,1,0,107.88,0.00,55,Moderate
2026-02-27 17:17:48,0,0,1,0,107.96,0.00,55,Moderate
2026-02-27 17:17:48,0,0,1,0,107.89,0.00,55,Moderate
2026-02-27 17:17:49,0,0,1,0,107.91,0.00,55,Moderate
2026-02-27 17:17:49,0,0,1,0,102.65,0.00,55,Moderate
2026-02-27 17:17:50,0,0,1,0,107.33,0.00,55,Moderate
2026-02-27 17:17:50,0,0,1,0,112.88,0.00,55,Moderate
2026-02-27 17:17:51,0,0,1,0,109.36,0.00,55,Moderate
2026-02-27 17:17:51,0,0,1,0,106.34,0.00,55,Moderate
2026-02-27 17:17:51,0,0,1,0,112.45,0.00,55,Moderate
2026-02-27 17:17:52,0,0,1,0,112.23,0.00,55,Moderate
2026-02-27 17:17:52,0,0,0,0,112.16,0.00,70,Moderate
2026-02-27 17:17:53,0,0,1,0,112.16,0.00,55,Moderate
2026-02-27 17:17:53,0,0,0,0,112.01,0.00,70,Moderate
2026-02-27 17:17:54,0,0,0,0,112.23,0.00,70,Moderate
2026-02-27 17:17:54,0,0,1,0,112.34,0.00,55,Moderate
2026-02-27 17:17:55,0,0,1,0,112.94,0.00,55,Moderate
2026-02-27 17:17:55,0,0,1,0,112.69,0.00,55,Moderate
2026-02-27 17:17:55,0,0,1,0,112.81,0.00,55,Moderate
2026-02-27 17:17:56,0,0,1,0,113.02,0.00,55,Moderate
2026-02-27 17:17:56,0,0,1,0,112.99,0.00,55,Moderate
2026-02-27 17:17:57,0,0,1,0,113.36,0.00,55,Moderate
2026-02-27 17:17:57,0,0,1,0,113.36,0.00,55,Moderate
2026-02-27 17:17:58,0,0,1,0,112.09,0.00,55,Moderate
2026-02-27 17:17:58,0,0,1,0,111.74,0.00,55,Moderate
2026-02-27 17:17:59,0,0,1,0,111.46,0.00,55,Moderate
2026-02-27 17:17:59,0,0,1,0,111.50,0.00,55,Moderate
2026-02-27 17:18:00,0,0,1,0,111.28,0.00,55,Moderate
2026-02-27 17:18:00,0,0,1,0,111.53,0.00,55,Moderate
2026-02-27 17:18:01,0,0,1,0,112.28,0.00,55,Moderate
2026-02-27 17:18:01,0,0,1,0,112.39,0.00,55,Moderate
2026-02-27 17:18:02,0,0,1,0,112.46,0.00,55,Moderate
2026-02-27 17:18:03,0,0,1,0,112.26,0.00,55,Moderate
2026-02-27 17:18:03,0,0,1,0,112.31,0.00,55,Moderate
2026-02-27 17:18:03,0,0,1,0,112.46,0.00,55,Moderate
2026-02-27 17:18:04,0,0,1,0,112.58,0.00,55,Moderate
2026-02-27 17:18:04,0,0,1,0,112.23,0.00,55,Moderate
2026-02-27 17:18:05,0,0,1,0,112.01,0.00,55,Moderate
2026-02-27 17:18:05,0,0,1,0,111.70,0.00,55,Moderate
2026-02-27 17:18:05,0,0,1,0,111.84,0.00,55,Moderate
2026-02-27 17:18:05,0,0,1,0,112.06,0.00,55,Moderate
2026-02-27 17:18:05,0,0,1,0,112.22,0.00,55,Moderate
2026-02-27 17:18:06,0,0,1,0,112.38,0.00,55,Moderate
2026-02-27 17:18:06,0,0,1,0,112.16,0.00,55,Moderate
2026-02-27 17:18:06,0,0,1,0,112.04,0.00,55,Moderate
2026-02-27 17:18:06,0,0,1,0,112.09,0.00,55,Moderate
2026-02-27 17:18:06,0,0,1,0,112.09,0.00,55,Moderate
2026-02-27 17:18:07,0,0,1,0,112.18,0.00,55,Moderate
2026-02-27 17:18:07,0,0,1,0,112.19,0.00,55,Moderate
2026-02-27 17:18:07,0,0,1,0,112.36,0.00,55,Moderate
2026-02-27 17:18:07,0,0,1,0,112.28,0.00,55,Moderate
2026-02-27 17:18:07,0,0,1,0,111.50,0.00,55,Moderate
2026-02-27 17:18:07,0,0,1,0,111.48,0.00,55,Moderate
2026-02-27 17:18:08,0,0,1,0,111.07,0.00,55,Moderate
2026-02-27 17:18:08,0,0,1,0,110.78,0.00,55,Moderate
2026-02-27 17:18:08,0,0,1,0,110.66,0.00,55,Moderate
2026-02-27 17:18:09,0,0,1,0,110.59,0.00,55,Moderate
2026-02-27 17:18:10,0,0,1,0,110.61,0.00,55,Moderate
2026-02-27 17:18:10,0,0,1,0,110.92,0.00,55,Moderate
2026-02-27 17:18:11,0,0,1,0,108.94,0.00,55,Moderate
2026-02-27 17:18:11,0,0,1,0,109.19,0.00,55,Moderate
2026-02-27 17:18:12,0,0,1,0,108.31,0.00,55,Moderate
2026-02-27 17:18:12,0,0,1,0,109.44,0.00,55,Moderate
2026-02-27 17:18:12,0,0,1,0,109.51,0.00,55,Moderate
2026-02-27 17:18:13,0,0,1,0,109.46,0.00,55,Moderate
2026-02-27 17:18:13,0,0,1,0,109.35,0.00,55,Moderate
2026-02-27 17:18:14,0,0,1,0,109.47,0.00,55,Moderate
2026-02-27 17:18:14,0,0,1,0,109.32,0.00,55,Moderate
2026-02-27 17:18:15,0,0,1,0,109.45,0.00,55,Moderate
2026-02-27 17:18:15,0,0,1,0,109.46,0.00,55,Moderate
2026-02-27 17:18:15,0,0,1,0,109.33,0.00,55,Moderate
2026-02-27 17:18:16,0,0,1,0,109.42,0.00,55,Moderate
2026-02-27 17:18:16,0,0,0,0,115.28,0.00,70,Moderate
2026-02-27 17:18:17,0,0,0,0,114.81,0.00,70,Moderate
2026-02-27 17:18:17,0,0,0,0,114.75,0.00,70,Moderate
2026-02-27 17:18:17,0,0,0,0,114.79,0.00,70,Moderate
2026-02-27 17:18:17,0,0,0,0,114.92,0.00,70,Moderate
2026-02-27 17:18:17,0,0,0,0,114.89,0.00,70,Moderate
2026-02-27 17:18:18,0,0,0,0,114.60,0.00,70,Moderate
2026-02-27 17:18:18,0,0,0,0,114.70,0.00,70,Moderate
2026-02-27 17:18:18,0,0,0,0,114.67,0.00,70,Moderate
2026-02-27 17:18:18,0,0,0,0,114.58,0.00,70,Moderate
2026-02-27 17:18:18,0,0,0,0,113.12,0.00,70,Moderate
2026-02-27 17:18:18,0,0,1,0,109.08,0.00,55,Moderate
2026-02-27 17:18:18,0,0,1,0,109.60,0.00,55,Moderate
2026-02-27 17:18:19,0,0,1,0,110.29,0.00,55,Moderate
2026-02-27 17:18:19,0,0,1,0,110.26,0.00,55,Moderate
2026-02-27 17:18:19,0,0,1,0,110.31,0.00,55,Moderate
2026-02-27 17:18:19,0,0,1,0,110.31,0.00,55,Moderate
2026-02-27 17:18:19,0,0,1,0,110.00,0.00,55,Moderate
2026-02-27 17:18:19,0,0,0,0,109.93,0.00,70,Moderate
2026-02-27 17:18:19,0,0,0,0,110.34,0.00,70,Moderate
2026-02-27 17:18:20,0,0,1,0,110.06,0.00,55,Moderate
2026-02-27 17:18:20,0,0,1,0,110.07,0.00,55,Moderate
2026-02-27 17:18:20,0,0,1,0,110.48,0.00,55,Moderate
2026-02-27 17:18:20,0,0,0,0,116.68,0.00,70,Moderate
2026-02-27 17:18:20,0,0,1,0,115.53,0.00,55,Moderate
2026-02-27 17:18:20,0,0,0,0,115.17,0.00,70,Moderate
2026-02-27 17:18:21,0,0,0,0,114.85,0.00,70,Moderate
2026-02-27 17:18:21,0,0,0,0,114.77,0.00,70,Moderate
2026-02-27 17:18:21,0,0,0,0,114.52,0.00,70,Moderate
2026-02-27 17:18:21,0,0,1,0,111.04,0.00,55,Moderate
2026-02-27 17:18:21,0,0,1,0,107.40,0.00,55,Moderate
2026-02-27 17:18:21,0,0,1,0,109.30,0.00,55,Moderate
2026-02-27 17:18:21,0,0,1,0,109.94,0.00,55,Moderate
2026-02-27 17:18:22,0,0,1,0,109.97,0.00,55,Moderate
2026-02-27 17:18:22,0,0,1,0,109.95,0.00,55,Moderate
2026-02-27 17:18:22,0,0,1,0,109.97,0.00,55,Moderate
2026-02-27 17:18:22,0,0,1,0,109.97,0.00,55,Moderate
2026-02-27 17:18:22,0,0,1,0,109.90,0.00,55,Moderate
2026-02-27 17:18:22,0,0,1,0,109.93,0.00,55,Moderate
2026-02-27 17:18:23,0,0,1,0,109.74,0.00,55,Moderate
2026-02-27 17:18:23,0,0,1,0,109.75,0.00,55,Moderate
2026-02-27 17:18:23,0,0,1,0,109.84,0.00,55,Moderate
2026-02-27 17:18:23,0,0,1,0,109.83,0.00,55,Moderate
2026-02-27 17:18:23,0,0,1,0,109.87,0.00,55,Moderate
2026-02-27 17:18:23,0,0,1,0,109.85,0.00,55,Moderate
2026-02-27 17:18:23,0,0,1,0,109.90,0.00,55,Moderate
2026-02-27 17:18:24,0,0,1,0,109.84,0.00,55,Moderate
2026-02-27 17:18:24,0,0,1,0,109.57,0.00,55,Moderate
2026-02-27 17:18:24,0,0,1,0,109.76,0.00,55,Moderate
2026-02-27 17:18:24,0,0,1,0,110.08,0.00,55,Moderate
2026-02-27 17:18:24,0,0,1,0,110.05,0.00,55,Moderate
2026-02-27 17:18:24,0,0,1,0,110.07,0.00,55,Moderate
2026-02-27 17:18:24,0,0,0,0,110.45,0.00,70,Moderate
2026-02-27 17:18:25,0,0,1,0,115.14,0.00,55,Moderate
2026-02-27 17:18:25,0,0,1,0,115.51,0.00,55,Moderate
2026-02-27 17:18:25,0,0,1,0,114.45,0.00,55,Moderate
2026-02-27 17:18:25,0,0,1,0,112.89,0.00,55,Moderate
2026-02-27 17:18:25,0,0,1,0,113.02,0.00,55,Moderate
2026-02-27 17:18:25,0,0,1,0,113.02,0.00,55,Moderate
2026-02-27 17:18:25,0,0,1,0,113.03,0.00,55,Moderate
2026-02-27 17:18:26,0,0,1,0,113.19,0.00,55,Moderate
2026-02-27 17:18:26,0,0,1,0,105.48,0.00,55,Moderate
2026-02-27 17:18:26,0,0,1,0,107.98,0.00,55,Moderate
2026-02-27 17:18:26,0,0,1,0,108.63,0.00,55,Moderate
2026-02-27 17:18:26,0,0,1,0,109.37,0.00,55,Moderate
2026-02-27 17:18:26,0,0,1,0,109.47,0.00,55,Moderate
2026-02-27 17:18:27,0,0,1,0,109.46,0.00,55,Moderate
2026-02-27 17:18:27,0,0,1,0,109.33,0.00,55,Moderate
2026-02-27 17:18:27,0,0,1,0,109.28,0.00,55,Moderate
